run_id,ncbi_taxon_id,taxon_rank_level,relative_abundance,name,lineage,CDF,CitrusFruitExtractSupplementation,MediterraneanDiet,RedWine,SoyMilk
SRR5936079,1239,phylum,0.7917835671342683,Bacillota,n__cellular organisms__131567;sk__Bacteria__2;k__Bacillati__1783272;p__Bacillota__1239,0.9724757761908775,0.9724757761908774,0.9666832668769512,0.9724757761908774,0.9724757761908774
SRR5936079,91061,class,0.0021042084168336,Bacilli,n__cellular organisms__131567;sk__Bacteria__2;k__Bacillati__1783272;p__Bacillota__1239;c__Bacilli__91061,0.5478701644440349,0.5478701644440349,0.5478701644440345,0.547870164444035,0.5478701644440349
SRR5936079,2,superkingdom,1.0,Bacteria,n__cellular organisms__131567;sk__Bacteria__2,0.8457457661701104,0.8457457661701104,0.738216690471285,0.967353601305784,0.8457457661701104
SRR5936079,1783272,kingdom,0.82875751503006,Bacillati,n__cellular organisms__131567;sk__Bacteria__2;k__Bacillati__1783272,0.9278685805990504,0.9278685805990504,0.9278685805990504,0.9278685805990502,0.9278685805990504
SRR5936079,197614,species,0.0003006012024048,Streptococcus pasteurianus,n__cellular organisms__131567;sk__Bacteria__2;k__Bacillati__1783272;p__Bacillota__1239;c__Bacilli__91061;o__Lactobacillales__186826;f__Streptococcaceae__1300;g__Streptococcus__1301;s__Streptococcus pasteurianus__197614,0.9861193617981852,0.9861193617981852,0.9861193617981856,0.9861193617981852,0.9861193617981852
SRR5936079,2719313,genus,0.0193386773547097,Enterocloster,n__cellular organisms__131567;sk__Bacteria__2;k__Bacillati__1783272;p__Bacillota__1239;c__Clostridia__186801;o__Lachnospirales__3085636;f__Lachnospiraceae__186803;g__Enterocloster__2719313,0.995544872508758,0.995544872508758,0.995544872508758,0.995544872508758,0.995544872508758
SRR5936079,583,genus,0.0240480961923863,Proteus,n__cellular organisms__131567;sk__Bacteria__2;k__Pseudomonadati__3379134;p__Pseudomonadota__1224;c__Gammaproteobacteria__1236;o__Enterobacterales__91347;f__Morganellaceae__1903414;g__Proteus__583,0.9982190440731854,0.9982190440731854,0.9982190440731854,0.9982190440731854,0.9982190440731854
SRR5936079,32207,genus,0.0004008016032064,Rothia,n__cellular organisms__131567;sk__Bacteria__2;k__Bacillati__1783272;p__Actinomycetota__201174;c__Actinomycetes__1760;o__Micrococcales__85006;f__Micrococcaceae__1268;g__Rothia__32207,0.9654290452146526,0.9654290452146526,0.965429045214652,0.9654290452146522,0.9654290452146526
SRR5936079,1686,species,0.0002004008016032,Bifidobacterium catenulatum,n__cellular organisms__131567;sk__Bacteria__2;k__Bacillati__1783272;p__Actinomycetota__201174;c__Actinomycetes__1760;o__Bifidobacteriales__85004;f__Bifidobacteriaceae__31953;g__Bifidobacterium__1678;s__Bifidobacterium catenulatum__1686,0.6965612102207412,0.6965612102207412,0.6965612102207367,0.6965612102207382,0.6965612102207412
SRR5936079,2810280,family,0.006312625250501,Coprobacillaceae,n__cellular organisms__131567;sk__Bacteria__2;k__Bacillati__1783272;p__Bacillota__1239;c__Erysipelotrichia__526524;o__Erysipelotrichales__526525;f__Coprobacillaceae__2810280,0.9267950145833626,0.9267950145833626,0.9267950145833626,0.9267950145833626,0.9267950145833626
SRR5936079,586,genus,0.0001002004008016,Providencia,n__cellular organisms__131567;sk__Bacteria__2;k__Pseudomonadati__3379134;p__Pseudomonadota__1224;c__Gammaproteobacteria__1236;o__Enterobacterales__91347;f__Morganellaceae__1903414;g__Providencia__586,0.9986619063154328,0.9986619063154328,0.9986619063154326,0.9986619063154326,0.9986619063154328
SRR5936079,2614128,no rank,0.0013026052104208,unclassified Clostridium,n__cellular organisms__131567;sk__Bacteria__2;k__Bacillati__1783272;p__Bacillota__1239;c__Clostridia__186801;o__Eubacteriales__186802;f__Clostridiaceae__31979;g__Clostridium__1485;n__unclassified Clostridium__2614128,0.6552731714200589,0.6552731714200589,0.6552731714200589,0.6552731714200553,0.6552731714200589
SRR5936079,33958,family,0.0001002004008016,Lactobacillaceae,n__cellular organisms__131567;sk__Bacteria__2;k__Bacillati__1783272;p__Bacillota__1239;c__Bacilli__91061;o__Lactobacillales__186826;f__Lactobacillaceae__33958,0.7193845536499647,0.7193845536499647,0.719384553649961,0.7193845536499622,0.7193845536499647
SRR5936079,1236,class,0.1702404809619237,Gammaproteobacteria,n__cellular organisms__131567;sk__Bacteria__2;k__Pseudomonadati__3379134;p__Pseudomonadota__1224;c__Gammaproteobacteria__1236,0.9507529097187096,0.9507529097187096,0.9507529097187096,0.9507529097187096,0.9507529097187096
SRR5936079,1783270,clade,0.001002004008016,FCB group,n__cellular organisms__131567;sk__Bacteria__2;cl__FCB group__1783270,0.0179924033035784,0.0179924033035784,0.0179924033035784,0.0179924033035784,0.0179924033035784
SRR5936079,976,phylum,0.001002004008016,Bacteroidota,n__cellular organisms__131567;sk__Bacteria__2;cl__FCB group__1783270;cl__Bacteroidota/Chlorobiota group__68336;p__Bacteroidota__976,0.0179924033035784,0.0179924033035784,0.0179924033035784,0.0179924033035784,0.0179924033035784
SRR5936079,200643,class,0.001002004008016,Bacteroidia,n__cellular organisms__131567;sk__Bacteria__2;cl__FCB group__1783270;cl__Bacteroidota/Chlorobiota group__68336;p__Bacteroidota__976;c__Bacteroidia__200643,0.0186045232790936,0.0186045232790936,0.0351439786646145,0.0186045232790936,0.0186045232790936
SRR5936079,171549,order,0.001002004008016,Bacteroidales,n__cellular organisms__131567;sk__Bacteria__2;cl__FCB group__1783270;cl__Bacteroidota/Chlorobiota group__68336;p__Bacteroidota__976;c__Bacteroidia__200643;o__Bacteroidales__171549,0.0186045232790936,0.0186045232790936,0.0186045232790936,0.0186045232790936,0.0186045232790936
SRR5936079,68336,clade,0.001002004008016,Bacteroidota/Chlorobiota group,n__cellular organisms__131567;sk__Bacteria__2;cl__FCB group__1783270;cl__Bacteroidota/Chlorobiota group__68336,0.0179924033035784,0.0179924033035784,0.0179924033035784,0.0179924033035784,0.0179924033035784
SRR5936079,543,family,0.1460921843687375,Enterobacteriaceae,n__cellular organisms__131567;sk__Bacteria__2;k__Pseudomonadati__3379134;p__Pseudomonadota__1224;c__Gammaproteobacteria__1236;o__Enterobacterales__91347;f__Enterobacteriaceae__543,0.9428864592904304,0.9428864592904304,0.9428864592904304,0.9428864592904304,0.9428864592904304
SRR5936079,171552,family,0.001002004008016,Prevotellaceae,n__cellular organisms__131567;sk__Bacteria__2;cl__FCB group__1783270;cl__Bacteroidota/Chlorobiota group__68336;p__Bacteroidota__976;c__Bacteroidia__200643;o__Bacteroidales__171549;f__Prevotellaceae__171552,0.5296068159849764,0.5296068159849774,0.6181909604711495,0.5296068159849764,0.5296068159849774
SRR5936079,216572,family,0.1639278557114228,Oscillospiraceae,n__cellular organisms__131567;sk__Bacteria__2;k__Bacillati__1783272;p__Bacillota__1239;c__Clostridia__186801;o__Eubacteriales__186802;f__Oscillospiraceae__216572,0.7097980760198461,0.7097980760198461,0.7279719838708658,0.7097980760198459,0.7097980760198461
SRR5936079,1224,phylum,0.1702404809619242,Pseudomonadota,n__cellular organisms__131567;sk__Bacteria__2;k__Pseudomonadati__3379134;p__Pseudomonadota__1224,0.9469235499428036,0.9469235499428036,0.9469235499428036,0.9469235499428036,0.9823220633722588
SRR5936079,91347,order,0.1702404809619236,Enterobacterales,n__cellular organisms__131567;sk__Bacteria__2;k__Pseudomonadati__3379134;p__Pseudomonadota__1224;c__Gammaproteobacteria__1236;o__Enterobacterales__91347,0.9519894726054188,0.9519894726054188,0.9519894726054188,0.9519894726054188,0.9519894726054188
SRR5936079,131567,no rank,1.0,cellular organisms,n__cellular organisms__131567,0.7520914099162948,0.7520914099162948,0.5857988165680164,0.9508263619668752,0.7520914099162948
SRR5936079,909932,class,0.2485971943887781,Negativicutes,n__cellular organisms__131567;sk__Bacteria__2;k__Bacillati__1783272;p__Bacillota__1239;c__Negativicutes__909932,0.9913618278474182,0.9913618278474182,0.9913618278474182,0.9913618278474182,0.9913618278474182
SRR5936079,186802,order,0.176452905811623,Eubacteriales,n__cellular organisms__131567;sk__Bacteria__2;k__Bacillati__1783272;p__Bacillota__1239;c__Clostridia__186801;o__Eubacteriales__186802,0.6159211741045908,0.6159211741045908,0.6159211741045909,0.6159211741045909,0.6159211741045908
SRR5936079,186801,class,0.512825651302605,Clostridia,n__cellular organisms__131567;sk__Bacteria__2;k__Bacillati__1783272;p__Bacillota__1239;c__Clostridia__186801,0.8432582607684075,0.8432582607684075,0.8432582607684079,0.8432582607684073,0.8432582607684075
SRR5936079,186804,family,0.003006012024048,Peptostreptococcaceae,n__cellular organisms__131567;sk__Bacteria__2;k__Bacillati__1783272;p__Bacillota__1239;c__Clostridia__186801;o__Peptostreptococcales__3082720;f__Peptostreptococcaceae__186804,0.96135533105262,0.96135533105262,0.96135533105262,0.96135533105262,0.96135533105262
SRR5936079,1760,class,0.0369739478957915,Actinomycetes,n__cellular organisms__131567;sk__Bacteria__2;k__Bacillati__1783272;p__Actinomycetota__201174;c__Actinomycetes__1760,0.7443144497095349,0.7443144497095349,0.7443144497095349,0.7443144497095349,0.7443144497095349
SRR5936079,186803,family,0.3305611222444889,Lachnospiraceae,n__cellular organisms__131567;sk__Bacteria__2;k__Bacillati__1783272;p__Bacillota__1239;c__Clostridia__186801;o__Lachnospirales__3085636;f__Lachnospiraceae__186803,0.915253109955881,0.915253109955881,0.9054217046109762,0.915253109955881,0.915253109955881
SRR5936079,526524,class,0.028256513026052,Erysipelotrichia,n__cellular organisms__131567;sk__Bacteria__2;k__Bacillati__1783272;p__Bacillota__1239;c__Erysipelotrichia__526524,0.9725586992491112,0.9725586992491112,0.9725586992491112,0.9725586992491112,0.9725586992491112
SRR5936079,201174,phylum,0.0369739478957915,Actinomycetota,n__cellular organisms__131567;sk__Bacteria__2;k__Bacillati__1783272;p__Actinomycetota__201174,0.6675971828589062,0.6675971828589062,0.6675971828589062,0.6675971828589062,0.6675971828589062
SRR5936079,189330,genus,0.0130260521042083,Dorea,n__cellular organisms__131567;sk__Bacteria__2;k__Bacillati__1783272;p__Bacillota__1239;c__Clostridia__186801;o__Lachnospirales__3085636;f__Lachnospiraceae__186803;g__Dorea__189330,0.8131061923380143,0.8131061923380143,0.8131061923380143,0.8131061923380144,0.8131061923380143
SRR5936079,1506553,genus,0.006813627254509,Lachnoclostridium,n__cellular organisms__131567;sk__Bacteria__2;k__Bacillati__1783272;p__Bacillota__1239;c__Clostridia__186801;o__Lachnospirales__3085636;f__Lachnospiraceae__186803;g__Lachnoclostridium__1506553,0.9879697158574052,0.9879697158574052,0.9879697158574052,0.9879697158574052,0.9879697158574052
SRR5936079,1678,genus,0.0365731462925851,Bifidobacterium,n__cellular organisms__131567;sk__Bacteria__2;k__Bacillati__1783272;p__Actinomycetota__201174;c__Actinomycetes__1760;o__Bifidobacteriales__85004;f__Bifidobacteriaceae__31953;g__Bifidobacterium__1678,0.7447688846363882,0.7447688846363882,0.7447688846363882,0.9219849645380914,0.4875108595655731
SRR5936079,128827,family,0.0219438877755511,Erysipelotrichaceae,n__cellular organisms__131567;sk__Bacteria__2;k__Bacillati__1783272;p__Bacillota__1239;c__Erysipelotrichia__526524;o__Erysipelotrichales__526525;f__Erysipelotrichaceae__128827,0.9843895878769426,0.9843895878769426,0.9843895878769426,0.9843895878769426,0.9843895878769426
SRR5936079,1300,family,0.002004008016032,Streptococcaceae,n__cellular organisms__131567;sk__Bacteria__2;k__Bacillati__1783272;p__Bacillota__1239;c__Bacilli__91061;o__Lactobacillales__186826;f__Streptococcaceae__1300,0.6496354320981607,0.6496354320981607,0.6496354320981622,0.6496354320981607,0.6496354320981607
SRR5936079,1843489,order,0.2485971943887755,Veillonellales,n__cellular organisms__131567;sk__Bacteria__2;k__Bacillati__1783272;p__Bacillota__1239;c__Negativicutes__909932;o__Veillonellales__1843489,0.9963616763827188,0.9963616763827188,0.9963616763827188,0.9963616763827188,0.9963616763827188
SRR5936079,526525,order,0.028256513026052,Erysipelotrichales,n__cellular organisms__131567;sk__Bacteria__2;k__Bacillati__1783272;p__Bacillota__1239;c__Erysipelotrichia__526524;o__Erysipelotrichales__526525,0.9725586992491112,0.9725586992491112,0.9725586992491112,0.9725586992491112,0.9725586992491112
SRR5936079,31953,family,0.0365731462925851,Bifidobacteriaceae,n__cellular organisms__131567;sk__Bacteria__2;k__Bacillati__1783272;p__Actinomycetota__201174;c__Actinomycetes__1760;o__Bifidobacteriales__85004;f__Bifidobacteriaceae__31953,0.7447688846363882,0.7447688846363882,0.7447688846363882,0.7447688846363882,0.7447688846363882
SRR5936079,85004,order,0.0365731462925851,Bifidobacteriales,n__cellular organisms__131567;sk__Bacteria__2;k__Bacillati__1783272;p__Actinomycetota__201174;c__Actinomycetes__1760;o__Bifidobacteriales__85004,0.7447688846363882,0.7447688846363882,0.7447688846363882,0.7447688846363882,0.7447688846363882
SRR5936079,31977,family,0.2485971943887755,Veillonellaceae,n__cellular organisms__131567;sk__Bacteria__2;k__Bacillati__1783272;p__Bacillota__1239;c__Negativicutes__909932;o__Veillonellales__1843489;f__Veillonellaceae__31977,0.9963616763827188,0.9963616763827188,0.9963616763827188,0.9963616763827188,0.9963616763827188
SRR5936079,1301,genus,0.002004008016032,Streptococcus,n__cellular organisms__131567;sk__Bacteria__2;k__Bacillati__1783272;p__Bacillota__1239;c__Bacilli__91061;o__Lactobacillales__186826;f__Streptococcaceae__1300;g__Streptococcus__1301,0.6612657116329482,0.6612657116329482,0.6612657116329498,0.6612657116329482,0.6612657116329482
SRR5936079,561,genus,0.1261523046092182,Escherichia,n__cellular organisms__131567;sk__Bacteria__2;k__Pseudomonadati__3379134;p__Pseudomonadota__1224;c__Gammaproteobacteria__1236;o__Enterobacterales__91347;f__Enterobacteriaceae__543;g__Escherichia__561,0.9652380107272316,0.9652380107272316,0.9652380107272316,0.9652380107272316,0.9652380107272316
SRR5936079,841,genus,0.2368737474949883,Roseburia,n__cellular organisms__131567;sk__Bacteria__2;k__Bacillati__1783272;p__Bacillota__1239;c__Clostridia__186801;o__Lachnospirales__3085636;f__Lachnospiraceae__186803;g__Roseburia__841,0.991991060002421,0.9966994185598508,0.9947193241576496,0.991991060002421,0.6316691510968532
SRR5936079,459786,genus,0.0146292585170339,Oscillibacter,n__cellular organisms__131567;sk__Bacteria__2;k__Bacillati__1783272;p__Bacillota__1239;c__Clostridia__186801;o__Eubacteriales__186802;f__Oscillospiraceae__216572;g__Oscillibacter__459786,0.9835787728898622,0.9835787728898622,0.9835787728898622,0.9835787728898622,0.9835787728898622
SRR5936079,1578,genus,0.0001002004008016,Lactobacillus,n__cellular organisms__131567;sk__Bacteria__2;k__Bacillati__1783272;p__Bacillota__1239;c__Bacilli__91061;o__Lactobacillales__186826;f__Lactobacillaceae__33958;g__Lactobacillus__1578,0.8914721484379595,0.8914721484379595,0.8914721484379573,0.8795560967670846,0.8914721484379595
SRR5936079,31979,family,0.0037074148296593,Clostridiaceae,n__cellular organisms__131567;sk__Bacteria__2;k__Bacillati__1783272;p__Bacillota__1239;c__Clostridia__186801;o__Eubacteriales__186802;f__Clostridiaceae__31979,0.78411100792947,0.7841110079294676,0.808751520843296,0.7841110079294653,0.7841110079294676
SRR5936079,1485,genus,0.0037074148296593,Clostridium,n__cellular organisms__131567;sk__Bacteria__2;k__Bacillati__1783272;p__Bacillota__1239;c__Clostridia__186801;o__Eubacteriales__186802;f__Clostridiaceae__31979;g__Clostridium__1485,0.8183733608684235,0.8183733608684204,0.818373360868411,0.8183733608684173,0.9608032672331271
SRR5936079,2890311,no rank,0.019939879759519,Klebsiella/Raoultella group,n__cellular organisms__131567;sk__Bacteria__2;k__Pseudomonadati__3379134;p__Pseudomonadota__1224;c__Gammaproteobacteria__1236;o__Enterobacterales__91347;f__Enterobacteriaceae__543;n__Klebsiella/Raoultella group__2890311,0.9644990967633832,0.9644990967633832,0.9644990967633832,0.9644990967633832,0.9644990967633832
SRR5936079,570,genus,0.019939879759519,Klebsiella,n__cellular organisms__131567;sk__Bacteria__2;k__Pseudomonadati__3379134;p__Pseudomonadota__1224;c__Gammaproteobacteria__1236;o__Enterobacterales__91347;f__Enterobacteriaceae__543;n__Klebsiella/Raoultella group__2890311;g__Klebsiella__570,0.9649071767470598,0.9649071767470598,0.9649071767470598,0.9649071767470598,0.9649071767470598
SRR5936079,1268,family,0.0004008016032064,Micrococcaceae,n__cellular organisms__131567;sk__Bacteria__2;k__Bacillati__1783272;p__Actinomycetota__201174;c__Actinomycetes__1760;o__Micrococcales__85006;f__Micrococcaceae__1268,0.9650209652309758,0.9650209652309758,0.9650209652309754,0.9650209652309756,0.9650209652309758
SRR5936079,838,genus,0.0006012024048096,Prevotella,n__cellular organisms__131567;sk__Bacteria__2;cl__FCB group__1783270;cl__Bacteroidota/Chlorobiota group__68336;p__Bacteroidota__976;c__Bacteroidia__200643;o__Bacteroidales__171549;f__Prevotellaceae__171552;g__Prevotella__838,0.6984524628155002,0.6984524628155001,0.7792306930954241,0.9208998089700328,0.922219947015584
SRR5936079,572511,genus,0.0031062124248497,Blautia,n__cellular organisms__131567;sk__Bacteria__2;k__Bacillati__1783272;p__Bacillota__1239;c__Clostridia__186801;o__Lachnospirales__3085636;f__Lachnospiraceae__186803;g__Blautia__572511,0.2487268089512628,0.2487268089512628,0.2487268089512628,0.2487268089512628,0.2487268089512628
SRR5936079,85006,order,0.0004008016032064,Micrococcales,n__cellular organisms__131567;sk__Bacteria__2;k__Bacillati__1783272;p__Actinomycetota__201174;c__Actinomycetes__1760;o__Micrococcales__85006,0.962980565312592,0.962980565312592,0.9629805653125916,0.9629805653125916,0.962980565312592
SRR5936079,1415765,strain,0.0009022064062235,Streptococcus mitis 21/39,n__cellular organisms__131567;sk__Bacteria__2;k__Bacillati__1783272;p__Bacillota__1239;c__Bacilli__91061;o__Lactobacillales__186826;f__Streptococcaceae__1300;g__Streptococcus__1301;s__Streptococcus mitis__28037;st__Streptococcus mitis 21/39__1415765,1.0,1.0,1.0,1.0,1.0
SRR5936079,1121323,strain,0.0028056112224448,Anaerotignum lactatifermentans DSM 14214,n__cellular organisms__131567;sk__Bacteria__2;k__Bacillati__1783272;p__Bacillota__1239;c__Clostridia__186801;o__Lachnospirales__3085636;f__Anaerotignaceae__3118652;g__Anaerotignum__2039240;s__Anaerotignum lactatifermentans__160404;st__Anaerotignum lactatifermentans DSM 14214__1121323,0.9881885495655804,0.9881885495655804,0.9881885495655804,0.9881885495655804,0.9881885495655804
SRR5936079,1121115,strain,0.001002004008016,Blautia wexlerae DSM 19850,n__cellular organisms__131567;sk__Bacteria__2;k__Bacillati__1783272;p__Bacillota__1239;c__Clostridia__186801;o__Lachnospirales__3085636;f__Lachnospiraceae__186803;g__Blautia__572511;s__Blautia wexlerae__418240;st__Blautia wexlerae DSM 19850__1121115,0.311635970910166,0.3116359709101682,0.3116359709101682,0.311635970910166,0.3116359709101682
SRR5936079,1203606,strain,0.003690310968704,Butyricicoccus pullicaecorum 1.2,n__cellular organisms__131567;sk__Bacteria__2;k__Bacillati__1783272;p__Bacillota__1239;c__Clostridia__186801;o__Eubacteriales__186802;f__Butyricicoccaceae__3085642;g__Butyricicoccus__580596;s__Butyricicoccus pullicaecorum__501571;st__Butyricicoccus pullicaecorum 1.2__1203606,1.0,1.0,1.0,1.0,1.0
SRR5936079,1073375,strain,0.0057114228456912,Mediterraneibacter gnavus CC55_001C,n__cellular organisms__131567;sk__Bacteria__2;k__Bacillati__1783272;p__Bacillota__1239;c__Clostridia__186801;o__Lachnospirales__3085636;f__Lachnospiraceae__186803;g__Mediterraneibacter__2316020;s__Mediterraneibacter gnavus__33038;st__Mediterraneibacter gnavus CC55_001C__1073375,0.9561141801031818,0.9561141801031818,0.9561141801031818,0.9561141801031818,0.9561141801031818
SRR5936079,566550,strain,0.0024048096192385,Hungatella hathewayi DSM 13479,n__cellular organisms__131567;sk__Bacteria__2;k__Bacillati__1783272;p__Bacillota__1239;c__Clostridia__186801;o__Lachnospirales__3085636;f__Lachnospiraceae__186803;g__Hungatella__1649459;s__Hungatella hathewayi__154046;st__Hungatella hathewayi DSM 13479__566550,0.990038952401304,0.990038952401304,0.990038952401304,0.990038952401304,0.990038952401304
SRR5936079,566552,strain,0.0002004008016032,Bifidobacterium catenulatum DSM 16992 = JCM 1194 = LMG 11043,n__cellular organisms__131567;sk__Bacteria__2;k__Bacillati__1783272;p__Actinomycetota__201174;c__Actinomycetes__1760;o__Bifidobacteriales__85004;f__Bifidobacteriaceae__31953;g__Bifidobacterium__1678;s__Bifidobacterium catenulatum__1686;st__Bifidobacterium catenulatum DSM 16992 = JCM 1194 = LMG 11043__566552,0.8226579251768591,0.8226579251768591,0.8226579251768545,0.8226579251768561,0.8226579251768591
SRR5936079,536231,strain,0.0092184368737474,Roseburia intestinalis L1-82,n__cellular organisms__131567;sk__Bacteria__2;k__Bacillati__1783272;p__Bacillota__1239;c__Clostridia__186801;o__Lachnospirales__3085636;f__Lachnospiraceae__186803;g__Roseburia__841;s__Roseburia intestinalis__166486;st__Roseburia intestinalis L1-82__536231,0.90368593074729,0.90368593074729,0.9036859307472902,0.90368593074729,0.90368593074729
SRR5936079,1403949,strain,0.0732464929859764,Veillonella dispar DORA_11,n__cellular organisms__131567;sk__Bacteria__2;k__Bacillati__1783272;p__Bacillota__1239;c__Negativicutes__909932;o__Veillonellales__1843489;f__Veillonellaceae__31977;g__Veillonella__29465;s__Veillonella dispar__39778;st__Veillonella dispar DORA_11__1403949,0.999866365522263,0.999866365522263,0.999866365522263,0.999866365522263,0.999866365522263
SRR5936079,580596,genus,0.0040847961094645,Butyricicoccus,n__cellular organisms__131567;sk__Bacteria__2;k__Bacillati__1783272;p__Bacillota__1239;c__Clostridia__186801;o__Eubacteriales__186802;f__Butyricicoccaceae__3085642;g__Butyricicoccus__580596,1.0,1.0,1.0,1.0,1.0
SRR5936079,946234,genus,0.0660320641282584,Flavonifractor,n__cellular organisms__131567;sk__Bacteria__2;k__Bacillati__1783272;p__Bacillota__1239;c__Clostridia__186801;o__Eubacteriales__186802;f__Oscillospiraceae__216572;g__Flavonifractor__946234,0.99917937983228,0.99917937983228,0.99917937983228,0.99917937983228,0.99917937983228
SRR5936079,186928,no rank,0.0099198396793587,unclassified Lachnospiraceae,n__cellular organisms__131567;sk__Bacteria__2;k__Bacillati__1783272;p__Bacillota__1239;c__Clostridia__186801;o__Lachnospirales__3085636;f__Lachnospiraceae__186803;n__unclassified Lachnospiraceae__186928,0.5913385475307503,0.5913385475307503,0.5913385475307503,0.5913385475307504,0.5913385475307503
SRR5936079,433334,no rank,0.0032064128256513,Erysipelotrichaceae incertae sedis,n__cellular organisms__131567;sk__Bacteria__2;k__Bacillati__1783272;p__Bacillota__1239;c__Erysipelotrichia__526524;o__Erysipelotrichales__526525;f__Erysipelotrichaceae__128827;n__Erysipelotrichaceae incertae sedis__433334,0.9882100470578362,0.9882100470578362,0.9882100470578362,0.9882100470578362,0.9882100470578362
SRR5936079,544447,no rank,0.0118236472945889,unclassified Erysipelotrichaceae,n__cellular organisms__131567;sk__Bacteria__2;k__Bacillati__1783272;p__Bacillota__1239;c__Erysipelotrichia__526524;o__Erysipelotrichales__526525;f__Erysipelotrichaceae__128827;n__unclassified Erysipelotrichaceae__544447,0.9925432832137092,0.9925432832137092,0.9925432832137092,0.9925432832137092,0.9925432832137092
SRR5936079,2624479,no rank,0.0018036072144288,unclassified Eubacterium (in: firmicutes,n__cellular organisms__131567;sk__Bacteria__2;k__Bacillati__1783272;p__Bacillota__1239;c__Clostridia__186801;o__Eubacteriales__186802;f__Eubacteriaceae__186806;g__Eubacterium__1730;n__unclassified Eubacterium (in: firmicutes__2624479,0.4035922299556467,0.4035922299556467,0.4035922299556466,0.4035922299556467,0.4035922299556467
SRR5936079,292800,species,0.0637274549098181,Flavonifractor plautii,n__cellular organisms__131567;sk__Bacteria__2;k__Bacillati__1783272;p__Bacillota__1239;c__Clostridia__186801;o__Eubacteriales__186802;f__Oscillospiraceae__216572;g__Flavonifractor__946234;s__Flavonifractor plautii__292800,0.9991526728067603,0.9991526728067603,0.9992105300664892,0.9991526728067603,0.9991526728067603
SRR5936079,501571,species,0.003690310968704,Butyricicoccus pullicaecorum,n__cellular organisms__131567;sk__Bacteria__2;k__Bacillati__1783272;p__Bacillota__1239;c__Clostridia__186801;o__Eubacteriales__186802;f__Butyricicoccaceae__3085642;g__Butyricicoccus__580596;s__Butyricicoccus pullicaecorum__501571,1.0,1.0,1.0,1.0,1.0
SRR5936079,658082,species,0.0043086172344689,Lachnospiraceae bacterium 2_1_58FAA,n__cellular organisms__131567;sk__Bacteria__2;k__Bacillati__1783272;p__Bacillota__1239;c__Clostridia__186801;o__Lachnospirales__3085636;f__Lachnospiraceae__186803;n__unclassified Lachnospiraceae__186928;s__Lachnospiraceae bacterium 2_1_58FAA__658082,0.9438905173091076,0.9438905173091076,0.9438905173091076,0.9438905173091076,0.9438905173091076
SRR5936079,469614,species,0.0079158316633266,Erysipelotrichaceae bacterium 6_1_45,n__cellular organisms__131567;sk__Bacteria__2;k__Bacillati__1783272;p__Bacillota__1239;c__Erysipelotrichia__526524;o__Erysipelotrichales__526525;f__Erysipelotrichaceae__128827;n__unclassified Erysipelotrichaceae__544447;s__Erysipelotrichaceae bacterium 6_1_45__469614,0.9927693942208472,0.9927693942208472,0.9927693942208472,0.9927693942208472,0.9927693942208472
SRR5936079,658657,species,0.0039078156312625,Erysipelotrichaceae bacterium 21_3,n__cellular organisms__131567;sk__Bacteria__2;k__Bacillati__1783272;p__Bacillota__1239;c__Erysipelotrichia__526524;o__Erysipelotrichales__526525;f__Erysipelotrichaceae__128827;n__unclassified Erysipelotrichaceae__544447;s__Erysipelotrichaceae bacterium 21_3__658657,0.9929636102599976,0.9929636102599976,0.9929636102599976,0.9929636102599976,0.9929636102599976
SRR5936079,1522,species,0.0032064128256513,[Clostridium] innocuum,n__cellular organisms__131567;sk__Bacteria__2;k__Bacillati__1783272;p__Bacillota__1239;c__Erysipelotrichia__526524;o__Erysipelotrichales__526525;f__Erysipelotrichaceae__128827;n__Erysipelotrichaceae incertae sedis__433334;s__[Clostridium] innocuum__1522,0.9882100470578362,0.9882100470578362,0.9882100470578362,0.9882100470578362,0.9882100470578362
SRR5936079,257482,no rank,0.0077154308617229,unclassified Proteus (in: enterobacteria,n__cellular organisms__131567;sk__Bacteria__2;k__Pseudomonadati__3379134;p__Pseudomonadota__1224;c__Gammaproteobacteria__1236;o__Enterobacterales__91347;f__Morganellaceae__1903414;g__Proteus__583;n__unclassified Proteus (in: enterobacteria__257482,0.998609937393282,0.998609937393282,0.998609937393282,0.998609937393282,0.998609937393282
SRR5936079,473772,no rank,0.01312625250501,unclassified Oscillospiraceae,n__cellular organisms__131567;sk__Bacteria__2;k__Bacillati__1783272;p__Bacillota__1239;c__Clostridia__186801;o__Eubacteriales__186802;f__Oscillospiraceae__216572;n__unclassified Oscillospiraceae__473772,0.9506480594612496,0.9506480594612496,0.9506480594612496,0.9506480594612496,0.9506480594612496
SRR5936079,102862,species,0.0001001063433589,Proteus penneri,n__cellular organisms__131567;sk__Bacteria__2;k__Pseudomonadati__3379134;p__Pseudomonadota__1224;c__Gammaproteobacteria__1236;o__Enterobacterales__91347;f__Morganellaceae__1903414;g__Proteus__583;s__Proteus penneri__102862,1.0,1.0,1.0,1.0,1.0
SRR5936079,165179,species,0.0004008016032064,Segatella copri,n__cellular organisms__131567;sk__Bacteria__2;cl__FCB group__1783270;cl__Bacteroidota/Chlorobiota group__68336;p__Bacteroidota__976;c__Bacteroidia__200643;o__Bacteroidales__171549;f__Prevotellaceae__171552;g__Segatella__2974251;s__Segatella copri__165179,0.7174363324253681,0.7174363324253681,0.8536331828333191,0.7174363324253656,0.7174363324253681
SRR5936079,1681,species,0.0065130260521042,Bifidobacterium bifidum,n__cellular organisms__131567;sk__Bacteria__2;k__Bacillati__1783272;p__Actinomycetota__201174;c__Actinomycetes__1760;o__Bifidobacteriales__85004;f__Bifidobacteriaceae__31953;g__Bifidobacterium__1678;s__Bifidobacterium bifidum__1681,0.9189986446933248,0.9189986446933248,0.9189986446933248,0.9189986446933248,0.9189986446933248
SRR5936079,2974251,genus,0.0004008016032064,Segatella,n__cellular organisms__131567;sk__Bacteria__2;cl__FCB group__1783270;cl__Bacteroidota/Chlorobiota group__68336;p__Bacteroidota__976;c__Bacteroidia__200643;o__Bacteroidales__171549;f__Prevotellaceae__171552;g__Segatella__2974251,0.6930397011114748,0.6930397011114748,0.693039701111474,0.6930397011114742,0.6930397011114748
SRR5936079,1579,species,0.0001002004008016,Lactobacillus acidophilus,n__cellular organisms__131567;sk__Bacteria__2;k__Bacillati__1783272;p__Bacillota__1239;c__Bacilli__91061;o__Lactobacillales__186826;f__Lactobacillaceae__33958;g__Lactobacillus__1578;s__Lactobacillus acidophilus__1579,0.9798146083791898,0.9798146083791898,0.9798146083791894,0.9798146083791897,0.9798146083791898
SRR5936079,717608,strain,0.001503006012024,[Clostridium] cf. saccharolyticum K10,n__cellular organisms__131567;sk__Bacteria__2;k__Bacillati__1783272;p__Bacillota__1239;c__Clostridia__186801;o__Lachnospirales__3085636;f__Lachnospiraceae__186803;g__Lacrimispora__2719231;s__Lacrimispora saccharolytica__84030;st__[Clostridium] cf. saccharolyticum K10__717608,0.9887801773578864,0.9887801773578864,0.9887801773578864,0.9887801773578864,0.9887801773578864
SRR5936079,864569,strain,0.0001002004008016,Streptococcus equinus ATCC 700338,n__cellular organisms__131567;sk__Bacteria__2;k__Bacillati__1783272;p__Bacillota__1239;c__Bacilli__91061;o__Lactobacillales__186826;f__Streptococcaceae__1300;g__Streptococcus__1301;s__Streptococcus equinus__1335;st__Streptococcus equinus ATCC 700338__864569,0.997789568269445,0.997789568269445,0.997789568269445,0.997789568269445,0.997789568269445
SRR5936079,471881,strain,0.0001001063433589,Proteus penneri ATCC 35198,n__cellular organisms__131567;sk__Bacteria__2;k__Pseudomonadati__3379134;p__Pseudomonadota__1224;c__Gammaproteobacteria__1236;o__Enterobacterales__91347;f__Morganellaceae__1903414;g__Proteus__583;s__Proteus penneri__102862;st__Proteus penneri ATCC 35198__471881,1.0,1.0,1.0,1.0,1.0
SRR5936079,537011,strain,0.0004008016032064,Segatella copri DSM 18205,n__cellular organisms__131567;sk__Bacteria__2;cl__FCB group__1783270;cl__Bacteroidota/Chlorobiota group__68336;p__Bacteroidota__976;c__Bacteroidia__200643;o__Bacteroidales__171549;f__Prevotellaceae__171552;g__Segatella__2974251;s__Segatella copri__165179;st__Segatella copri DSM 18205__537011,0.7174363324253681,0.7174363324253681,0.7174363324253644,0.7174363324253656,0.7174363324253681
SRR5936079,1455605,strain,0.0199398797595511,Klebsiella pneumoniae 7699,n__cellular organisms__131567;sk__Bacteria__2;k__Pseudomonadati__3379134;p__Pseudomonadota__1224;c__Gammaproteobacteria__1236;o__Enterobacterales__91347;f__Enterobacteriaceae__543;n__Klebsiella/Raoultella group__2890311;g__Klebsiella__570;s__Klebsiella pneumoniae__573;st__Klebsiella pneumoniae 7699__1455605,0.9996075650126306,0.9996075650126306,0.9996075650126306,0.9996075650126306,0.9996075650126306
SRR5936079,537937,strain,0.001002004008016,Bifidobacterium longum subsp. infantis CCUG 52486,n__cellular organisms__131567;sk__Bacteria__2;k__Bacillati__1783272;p__Actinomycetota__201174;c__Actinomycetes__1760;o__Bifidobacteriales__85004;f__Bifidobacteriaceae__31953;g__Bifidobacterium__1678;s__Bifidobacterium longum__216816;sus__Bifidobacterium longum subsp. infantis__1682;st__Bifidobacterium longum subsp. infantis CCUG 52486__537937,0.9757237928027714,0.9757237928027714,0.9757237928027714,0.9757237928027714,0.9757237928027714
SRR5936079,883062,strain,0.0065130260521042,Bifidobacterium bifidum S17,n__cellular organisms__131567;sk__Bacteria__2;k__Bacillati__1783272;p__Actinomycetota__201174;c__Actinomycetes__1760;o__Bifidobacteriales__85004;f__Bifidobacteriaceae__31953;g__Bifidobacterium__1678;s__Bifidobacterium bifidum__1681;st__Bifidobacterium bifidum S17__883062,0.9706207540166985,0.9706207540166985,0.9706207540166985,0.9706207540166985,0.9706207540166985
SRR5936079,768727,strain,0.0786573146292618,Veillonella parvula ACS-068-V-Sch12,n__cellular organisms__131567;sk__Bacteria__2;k__Bacillati__1783272;p__Bacillota__1239;c__Negativicutes__909932;o__Veillonellales__1843489;f__Veillonellaceae__31977;g__Veillonella__29465;s__Veillonella parvula__29466;st__Veillonella parvula ACS-068-V-Sch12__768727,0.9999575775027656,0.9999575775027656,0.9999575775027656,0.9999575775027656,0.9999575775027656
SRR5936079,981540,strain,0.0003006012024048,Streptococcus pasteurianus ATCC 43144,n__cellular organisms__131567;sk__Bacteria__2;k__Bacillati__1783272;p__Bacillota__1239;c__Bacilli__91061;o__Lactobacillales__186826;f__Streptococcaceae__1300;g__Streptococcus__1301;s__Streptococcus pasteurianus__197614;st__Streptococcus pasteurianus ATCC 43144__981540,0.9877516817328922,0.9877516817328922,0.9877516817328926,0.9877516817328924,0.9877516817328922
SRR5936079,999413,strain,0.0032064128256513,[Clostridium] innocuum 2959,n__cellular organisms__131567;sk__Bacteria__2;k__Bacillati__1783272;p__Bacillota__1239;c__Erysipelotrichia__526524;o__Erysipelotrichales__526525;f__Erysipelotrichaceae__128827;n__Erysipelotrichaceae incertae sedis__433334;s__[Clostridium] innocuum__1522;st__[Clostridium] innocuum 2959__999413,0.9900464069843816,0.9900464069843816,0.9900464069843816,0.9900464069843816,0.9900464069843816
SRR5936079,261299,species,0.0029058116232464,Intestinibacter bartlettii,n__cellular organisms__131567;sk__Bacteria__2;k__Bacillati__1783272;p__Bacillota__1239;c__Clostridia__186801;o__Peptostreptococcales__3082720;f__Peptostreptococcaceae__186804;g__Intestinibacter__1505657;s__Intestinibacter bartlettii__261299,0.9828615155845956,0.9828615155845956,0.9828615155845956,0.9828615155845956,0.9828615155845956
SRR5936079,1649459,genus,0.0319639278557127,Hungatella,n__cellular organisms__131567;sk__Bacteria__2;k__Bacillati__1783272;p__Bacillota__1239;c__Clostridia__186801;o__Lachnospirales__3085636;f__Lachnospiraceae__186803;g__Hungatella__1649459,0.9994278828868296,0.9994278828868296,0.9994278828868296,0.9994278828868296,0.9994278828868296
SRR5936079,154046,species,0.0024048096192385,Hungatella hathewayi,n__cellular organisms__131567;sk__Bacteria__2;k__Bacillati__1783272;p__Bacillota__1239;c__Clostridia__186801;o__Lachnospirales__3085636;f__Lachnospiraceae__186803;g__Hungatella__1649459;s__Hungatella hathewayi__154046,0.990038952401304,0.990038952401304,0.990038952401304,0.990038952401304,0.990038952401304
SRR5936079,573,species,0.0199398797595188,Klebsiella pneumoniae,n__cellular organisms__131567;sk__Bacteria__2;k__Pseudomonadati__3379134;p__Pseudomonadota__1224;c__Gammaproteobacteria__1236;o__Enterobacterales__91347;f__Enterobacteriaceae__543;n__Klebsiella/Raoultella group__2890311;g__Klebsiella__570;s__Klebsiella pneumoniae__573,0.984697235787857,0.984697235787857,0.984697235787857,0.984697235787857,0.984697235787857
SRR5936079,28125,species,0.0003006012024048,Prevotella bivia,n__cellular organisms__131567;sk__Bacteria__2;cl__FCB group__1783270;cl__Bacteroidota/Chlorobiota group__68336;p__Bacteroidota__976;c__Bacteroidia__200643;o__Bacteroidales__171549;f__Prevotellaceae__171552;g__Prevotella__838;s__Prevotella bivia__28125,0.9767057388316978,0.9767057388316972,0.9767057388316998,0.9767057388316982,0.9767057388316972
SRR5936079,562,species,0.1261523046092182,Escherichia coli,n__cellular organisms__131567;sk__Bacteria__2;k__Pseudomonadati__3379134;p__Pseudomonadota__1224;c__Gammaproteobacteria__1236;o__Enterobacterales__91347;f__Enterobacteriaceae__543;g__Escherichia__561;s__Escherichia coli__562,0.9652380107272316,0.9652380107272316,0.9650058288238876,0.9652380107272316,0.9652380107272316
SRR5936079,2608887,no rank,0.0003006012024048,unclassified Streptococcus,n__cellular organisms__131567;sk__Bacteria__2;k__Bacillati__1783272;p__Bacillota__1239;c__Bacilli__91061;o__Lactobacillales__186826;f__Streptococcaceae__1300;g__Streptococcus__1301;n__unclassified Streptococcus__2608887,0.6532689788336005,0.6532689788336,0.6532689788336024,0.6532689788336009,0.6532689788336
SRR5936079,411475,strain,0.0637274549098166,Flavonifractor plautii ATCC 29863,n__cellular organisms__131567;sk__Bacteria__2;k__Bacillati__1783272;p__Bacillota__1239;c__Clostridia__186801;o__Eubacteriales__186802;f__Oscillospiraceae__216572;g__Flavonifractor__946234;s__Flavonifractor plautii__292800;st__Flavonifractor plautii ATCC 29863__411475,0.9994811650982028,0.9994811650982028,0.9994811650982028,0.9994811650982028,0.9994811650982028
SRR5936079,411467,strain,0.0018036072144288,Pseudoflavonifractor capillosus ATCC 29799,n__cellular organisms__131567;sk__Bacteria__2;k__Bacillati__1783272;p__Bacillota__1239;c__Clostridia__186801;o__Eubacteriales__186802;f__Oscillospiraceae__216572;g__Pseudoflavonifractor__1017280;s__Pseudoflavonifractor capillosus__106588;st__Pseudoflavonifractor capillosus ATCC 29799__411467,0.991748564529898,0.991748564529898,0.9917485645298976,0.991748564529898,0.991748564529898
SRR5936079,186806,family,0.0018036072144288,Eubacteriaceae,n__cellular organisms__131567;sk__Bacteria__2;k__Bacillati__1783272;p__Bacillota__1239;c__Clostridia__186801;o__Eubacteriales__186802;f__Eubacteriaceae__186806,0.2432106107518725,0.2432106107518725,0.2432106107518722,0.2432106107518726,0.2432106107518725
SRR5936079,1730,genus,0.0018036072144288,Eubacterium,n__cellular organisms__131567;sk__Bacteria__2;k__Bacillati__1783272;p__Bacillota__1239;c__Clostridia__186801;o__Eubacteriales__186802;f__Eubacteriaceae__186806;g__Eubacterium__1730,0.2432106107518725,0.2432106107518725,0.2432106107518722,0.2432106107518726,0.7508554009856948
SRR5936079,1501226,genus,0.0001002004008016,Romboutsia,n__cellular organisms__131567;sk__Bacteria__2;k__Bacillati__1783272;p__Bacillota__1239;c__Clostridia__186801;o__Peptostreptococcales__3082720;f__Peptostreptococcaceae__186804;g__Romboutsia__1501226,0.6986011734017008,0.6986011734017008,0.6986011734016913,0.6986011734016945,0.6986011734017008
SRR5936079,1280689,strain,0.0001002004008016,Clostridium paraputrificum AGR2156,n__cellular organisms__131567;sk__Bacteria__2;k__Bacillati__1783272;p__Bacillota__1239;c__Clostridia__186801;o__Eubacteriales__186802;f__Clostridiaceae__31979;g__Clostridium__1485;s__Clostridium paraputrificum__29363;st__Clostridium paraputrificum AGR2156__1280689,0.9850626524742664,0.9850626524742664,0.9850626524742654,0.9850626524742656,0.9850626524742664
SRR5936079,428126,strain,0.0008016032064128,Thomasclavelia spiroformis DSM 1552,n__cellular organisms__131567;sk__Bacteria__2;k__Bacillati__1783272;p__Bacillota__1239;c__Erysipelotrichia__526524;o__Erysipelotrichales__526525;f__Coprobacillaceae__2810280;g__Thomasclavelia__3025755;s__Thomasclavelia spiroformis__29348;st__Thomasclavelia spiroformis DSM 1552__428126,0.9877334928799888,0.9877334928799888,0.9877334928799888,0.9877334928799888,0.9877334928799888
SRR5936079,1280698,strain,0.0114228456913826,Dorea longicatena AGR2136,n__cellular organisms__131567;sk__Bacteria__2;k__Bacillati__1783272;p__Bacillota__1239;c__Clostridia__186801;o__Lachnospirales__3085636;f__Lachnospiraceae__186803;g__Dorea__189330;s__Dorea longicatena__88431;st__Dorea longicatena AGR2136__1280698,0.9891871253239836,0.9891871253239836,0.9891871253239836,0.9891871253239836,0.9891871253239836
SRR5936079,445973,strain,0.0029058116232464,Intestinibacter bartlettii DSM 16795,n__cellular organisms__131567;sk__Bacteria__2;k__Bacillati__1783272;p__Bacillota__1239;c__Clostridia__186801;o__Peptostreptococcales__3082720;f__Peptostreptococcaceae__186804;g__Intestinibacter__1505657;s__Intestinibacter bartlettii__261299;st__Intestinibacter bartlettii DSM 16795__445973,0.9844938355193028,0.9844938355193028,0.9844938355193028,0.9844938355193028,0.9844938355193028
SRR5936079,1298595,strain,0.0044088176352704,Veillonella rogosae JCM 15642,n__cellular organisms__131567;sk__Bacteria__2;k__Bacillati__1783272;p__Bacillota__1239;c__Negativicutes__909932;o__Veillonellales__1843489;f__Veillonellaceae__31977;g__Veillonella__29465;s__Veillonella rogosae__423477;st__Veillonella rogosae JCM 15642__1298595,0.992344640970522,0.992344640970522,0.992344640970522,0.992344640970522,0.992344640970522
SRR5936079,871562,strain,0.0288577154308668,Bifidobacterium dentium ATCC 27679,n__cellular organisms__131567;sk__Bacteria__2;k__Bacillati__1783272;p__Actinomycetota__201174;c__Actinomycetes__1760;o__Bifidobacteriales__85004;f__Bifidobacteriaceae__31953;g__Bifidobacterium__1678;s__Bifidobacterium dentium__1689;st__Bifidobacterium dentium ATCC 27679__871562,0.9952055250337764,0.9952055250337764,0.9952055250337764,0.9952055250337764,0.9952055250337764
SRR5936079,1298596,strain,0.001002004008016,[Ruminococcus] faecis JCM 15917,n__cellular organisms__131567;sk__Bacteria__2;k__Bacillati__1783272;p__Bacillota__1239;c__Clostridia__186801;o__Lachnospirales__3085636;f__Lachnospiraceae__186803;g__Mediterraneibacter__2316020;s__Mediterraneibacter faecis__592978;st__[Ruminococcus] faecis JCM 15917__1298596,0.5914659747742483,0.5914659747742519,0.5914659747742519,0.5914659747742483,0.5914659747742519
SRR5936079,358742,species,0.0164581674497916,Enterocloster aldenensis,n__cellular organisms__131567;sk__Bacteria__2;k__Bacillati__1783272;p__Bacillota__1239;c__Clostridia__186801;o__Lachnospirales__3085636;f__Lachnospiraceae__186803;g__Enterocloster__2719313;s__Enterocloster aldenensis__358742,1.0,1.0,1.0,1.0,1.0
SRR5936079,1530,species,0.0023046092184367,Clostridium carnis,n__cellular organisms__131567;sk__Bacteria__2;k__Bacillati__1783272;p__Bacillota__1239;c__Clostridia__186801;o__Eubacteriales__186802;f__Clostridiaceae__31979;g__Clostridium__1485;s__Clostridium carnis__1530,0.999534717203735,0.999534717203735,0.999534717203735,0.999534717203735,0.999534717203735
SRR5936079,3025755,genus,0.0063126252505009,Thomasclavelia,n__cellular organisms__131567;sk__Bacteria__2;k__Bacillati__1783272;p__Bacillota__1239;c__Erysipelotrichia__526524;o__Erysipelotrichales__526525;f__Coprobacillaceae__2810280;g__Thomasclavelia__3025755,0.9900181862740296,0.9900181862740296,0.9900181862740296,0.9900181862740296,0.9900181862740296
SRR5936079,88431,species,0.0114228456913826,Dorea longicatena,n__cellular organisms__131567;sk__Bacteria__2;k__Bacillati__1783272;p__Bacillota__1239;c__Clostridia__186801;o__Lachnospirales__3085636;f__Lachnospiraceae__186803;g__Dorea__189330;s__Dorea longicatena__88431,0.881680793995931,0.8816807939959311,0.8816807939959308,0.881680793995931,0.8816807939959311
SRR5936079,29348,species,0.0008016032064128,Thomasclavelia spiroformis,n__cellular organisms__131567;sk__Bacteria__2;k__Bacillati__1783272;p__Bacillota__1239;c__Erysipelotrichia__526524;o__Erysipelotrichales__526525;f__Coprobacillaceae__2810280;g__Thomasclavelia__3025755;s__Thomasclavelia spiroformis__29348,0.9877334928799888,0.9877334928799888,0.9877334928799888,0.9877334928799888,0.9877334928799888
SRR5936079,33038,species,0.0057114228456912,Mediterraneibacter gnavus,n__cellular organisms__131567;sk__Bacteria__2;k__Bacillati__1783272;p__Bacillota__1239;c__Clostridia__186801;o__Lachnospirales__3085636;f__Lachnospiraceae__186803;g__Mediterraneibacter__2316020;s__Mediterraneibacter gnavus__33038,0.9424259584212432,0.9424259584212432,0.942425958421243,0.942425958421243,0.9424259584212432
SRR5936079,1965537,species,0.0023046092184367,Flavonifractor sp. An10,n__cellular organisms__131567;sk__Bacteria__2;k__Bacillati__1783272;p__Bacillota__1239;c__Clostridia__186801;o__Eubacteriales__186802;f__Oscillospiraceae__216572;g__Flavonifractor__946234;n__unclassified Flavonifractor__2629267;s__Flavonifractor sp. An10__1965537,0.9933620653745232,0.9933620653745232,0.9933620653745232,0.9933620653745232,0.9933620653745232
SRR5936079,1096246,species,0.0278122351702784,Hungatella effluvii,n__cellular organisms__131567;sk__Bacteria__2;k__Bacillati__1783272;p__Bacillota__1239;c__Clostridia__186801;o__Lachnospirales__3085636;f__Lachnospiraceae__186803;g__Hungatella__1649459;s__Hungatella effluvii__1096246,1.0,1.0,1.0,1.0,1.0
SRR5936079,1965576,species,0.0398797595190366,Pseudoflavonifractor sp. An184,n__cellular organisms__131567;sk__Bacteria__2;k__Bacillati__1783272;p__Bacillota__1239;c__Clostridia__186801;o__Eubacteriales__186802;f__Oscillospiraceae__216572;g__Pseudoflavonifractor__1017280;n__unclassified Pseudoflavonifractor__2628103;s__Pseudoflavonifractor sp. An184__1965576,0.9999933597817644,0.9999933597817644,0.9999933597817644,0.9999933597817644,0.9999933597817644
SRR5936079,2109687,species,0.0047094188376752,Oscillibacter sp. PEA192,n__cellular organisms__131567;sk__Bacteria__2;k__Bacillati__1783272;p__Bacillota__1239;c__Clostridia__186801;o__Eubacteriales__186802;f__Oscillospiraceae__216572;g__Oscillibacter__459786;n__unclassified Oscillibacter__2629304;s__Oscillibacter sp. PEA192__2109687,0.956383892914828,0.956383892914828,0.9563838929148276,0.956383892914828,0.956383892914828
SRR5936079,2591381,genus,0.006312625250501,Dysosmobacter,n__cellular organisms__131567;sk__Bacteria__2;k__Bacillati__1783272;p__Bacillota__1239;c__Clostridia__186801;o__Eubacteriales__186802;f__Oscillospiraceae__216572;g__Dysosmobacter__2591381,0.9457185959947612,0.945718595994761,0.945718595994761,0.945718595994761,0.945718595994761
SRR5936079,2302966,species,0.0056112224448897,Lachnospiraceae bacterium TM07-2AC,n__cellular organisms__131567;sk__Bacteria__2;k__Bacillati__1783272;p__Bacillota__1239;c__Clostridia__186801;o__Lachnospirales__3085636;f__Lachnospiraceae__186803;n__unclassified Lachnospiraceae__186928;s__Lachnospiraceae bacterium TM07-2AC__2302966,0.9351164596346774,0.9351164596346774,0.9351164596346774,0.9351164596346774,0.9351164596346774
SRR5936079,2685180,no rank,0.0012024048096192,unclassified Anaerofilum,n__cellular organisms__131567;sk__Bacteria__2;k__Bacillati__1783272;p__Bacillota__1239;c__Clostridia__186801;o__Eubacteriales__186802;f__Oscillospiraceae__216572;g__Anaerofilum__52784;n__unclassified Anaerofilum__2685180,0.9984752057716306,0.9984752057716306,0.9984752057716306,0.9984752057716306,0.9984752057716306
SRR5936079,1650663,species,0.0063082097348985,Allofournierella massiliensis,n__cellular organisms__131567;sk__Bacteria__2;k__Bacillati__1783272;p__Bacillota__1239;c__Clostridia__186801;o__Eubacteriales__186802;f__Oscillospiraceae__216572;g__Allofournierella__1940255;s__Allofournierella massiliensis__1650663,1.0,1.0,1.0,1.0,1.0
SRR5936079,1965588,species,0.0012024048096192,Anaerofilum sp. An201,n__cellular organisms__131567;sk__Bacteria__2;k__Bacillati__1783272;p__Bacillota__1239;c__Clostridia__186801;o__Eubacteriales__186802;f__Oscillospiraceae__216572;g__Anaerofilum__52784;n__unclassified Anaerofilum__2685180;s__Anaerofilum sp. An201__1965588,0.9984752057716306,0.9984752057716306,0.9984752057716306,0.9984752057716306,0.9984752057716306
SRR5936079,1776391,species,0.0001002004008016,Romboutsia timonensis,n__cellular organisms__131567;sk__Bacteria__2;k__Bacillati__1783272;p__Bacillota__1239;c__Clostridia__186801;o__Peptostreptococcales__3082720;f__Peptostreptococcaceae__186804;g__Romboutsia__1501226;s__Romboutsia timonensis__1776391,0.7061506530997208,0.7061506530997208,0.7061506530997113,0.7061506530997145,0.7061506530997208
SRR5936079,3025756,no rank,0.0055110220440888,unclassified Thomasclavelia,n__cellular organisms__131567;sk__Bacteria__2;k__Bacillati__1783272;p__Bacillota__1239;c__Erysipelotrichia__526524;o__Erysipelotrichales__526525;f__Coprobacillaceae__2810280;g__Thomasclavelia__3025755;n__unclassified Thomasclavelia__3025756,0.9999654163899624,0.9999654163899624,0.9999654163899624,0.9999654163899624,0.9999654163899624
SRR5936079,665940,species,0.0013026052104208,Clostridium sp. 7_3_54FAA,n__cellular organisms__131567;sk__Bacteria__2;k__Bacillati__1783272;p__Bacillota__1239;c__Clostridia__186801;o__Eubacteriales__186802;f__Clostridiaceae__31979;g__Clostridium__1485;n__unclassified Clostridium__2614128;s__Clostridium sp. 7_3_54FAA__665940,0.971501340485383,0.971501340485383,0.971501340485383,0.9715013404853826,0.971501340485383
SRR5936079,1965560,species,0.0045781714876538,Lachnoclostridium sp. An138,n__cellular organisms__131567;sk__Bacteria__2;k__Bacillati__1783272;p__Bacillota__1239;c__Clostridia__186801;o__Lachnospirales__3085636;f__Lachnospiraceae__186803;g__Lachnoclostridium__1506553;n__unclassified Lachnoclostridium__2608895;s__Lachnoclostridium sp. An138__1965560,1.0,1.0,1.0,1.0,1.0
SRR5936079,1776392,species,0.0006012024048096,Massilimicrobiota timonensis,n__cellular organisms__131567;sk__Bacteria__2;k__Bacillati__1783272;p__Bacillota__1239;c__Erysipelotrichia__526524;o__Erysipelotrichales__526525;f__Erysipelotrichaceae__128827;g__Massilimicrobiota__1924110;s__Massilimicrobiota timonensis__1776392,0.992059353298646,0.992059353298646,0.992059353298646,0.992059353298646,0.992059353298646
SRR5936079,1917870,species,0.0009018036072144,Enterocloster hominis,n__cellular organisms__131567;sk__Bacteria__2;k__Bacillati__1783272;p__Bacillota__1239;c__Clostridia__186801;o__Lachnospirales__3085636;f__Lachnospiraceae__186803;g__Enterocloster__2719313;s__Enterocloster hominis__1917870,0.99461344533067,0.99461344533067,0.99461344533067,0.99461344533067,0.99461344533067
SRR5936079,1579343,species,0.0003006012024048,Streptococcus sp. 263_SSPC,n__cellular organisms__131567;sk__Bacteria__2;k__Bacillati__1783272;p__Bacillota__1239;c__Bacilli__91061;o__Lactobacillales__186826;f__Streptococcaceae__1300;g__Streptococcus__1301;n__unclassified Streptococcus__2608887;s__Streptococcus sp. 263_SSPC__1579343,0.9987654230394436,0.9987654230394436,0.9987654230394436,0.9987654230394436,0.9987654230394436
SRR5936079,2023266,genus,0.0013026052104208,Merdimonas,n__cellular organisms__131567;sk__Bacteria__2;k__Bacillati__1783272;p__Bacillota__1239;c__Clostridia__186801;o__Lachnospirales__3085636;f__Lachnospiraceae__186803;g__Merdimonas__2023266,0.9828560672555384,0.9828560672555384,0.9828560672555384,0.9828560672555384,0.9828560672555384
SRR5936079,1965571,species,0.0055110220440883,Erysipelatoclostridium sp. An173,n__cellular organisms__131567;sk__Bacteria__2;k__Bacillati__1783272;p__Bacillota__1239;c__Erysipelotrichia__526524;o__Erysipelotrichales__526525;f__Coprobacillaceae__2810280;g__Thomasclavelia__3025755;n__unclassified Thomasclavelia__3025756;s__Erysipelatoclostridium sp. An173__1965571,0.9999708673772012,0.9999708673772012,0.9999708673772012,0.9999708673772012,0.9999708673772012
SRR5936079,1965636,species,0.0021042084168334,Blautia sp. An46,n__cellular organisms__131567;sk__Bacteria__2;k__Bacillati__1783272;p__Bacillota__1239;c__Clostridia__186801;o__Lachnospirales__3085636;f__Lachnospiraceae__186803;g__Blautia__572511;n__unclassified Blautia__2648079;s__Blautia sp. An46__1965636,0.9997296484312568,0.9997296484312568,0.9997296484312568,0.9997296484312568,0.9997296484312568
SRR5936079,1871021,species,0.001002004008016,Lachnoclostridium phocaeense,n__cellular organisms__131567;sk__Bacteria__2;k__Bacillati__1783272;p__Bacillota__1239;c__Clostridia__186801;o__Lachnospirales__3085636;f__Lachnospiraceae__186803;g__Lachnoclostridium__1506553;s__Lachnoclostridium phocaeense__1871021,0.995940229434496,0.995940229434496,0.995940229434496,0.995940229434496,0.995940229434496
SRR5936079,2093857,species,0.006312625250501,Dysosmobacter welbionis,n__cellular organisms__131567;sk__Bacteria__2;k__Bacillati__1783272;p__Bacillota__1239;c__Clostridia__186801;o__Eubacteriales__186802;f__Oscillospiraceae__216572;g__Dysosmobacter__2591381;s__Dysosmobacter welbionis__2093857,0.9457185959947612,0.945718595994761,0.945718595994761,0.945718595994761,0.945718595994761
SRR5936079,1653435,species,0.0013026052104208,Merdimonas faecis,n__cellular organisms__131567;sk__Bacteria__2;k__Bacillati__1783272;p__Bacillota__1239;c__Clostridia__186801;o__Lachnospirales__3085636;f__Lachnospiraceae__186803;g__Merdimonas__2023266;s__Merdimonas faecis__1653435,0.9828560672555384,0.9828560672555384,0.9828560672555384,0.9828560672555384,0.9828560672555384
SRR5936079,1965628,species,0.0018036072144292,Eubacterium sp. An3,n__cellular organisms__131567;sk__Bacteria__2;k__Bacillati__1783272;p__Bacillota__1239;c__Clostridia__186801;o__Eubacteriales__186802;f__Eubacteriaceae__186806;g__Eubacterium__1730;n__unclassified Eubacterium (in: firmicutes__2624479;s__Eubacterium sp. An3__1965628,0.9980378077531484,0.9980378077531484,0.9980378077531484,0.9980378077531484,0.9980378077531484
SRR5936079,52784,genus,0.0012024048096192,Anaerofilum,n__cellular organisms__131567;sk__Bacteria__2;k__Bacillati__1783272;p__Bacillota__1239;c__Clostridia__186801;o__Eubacteriales__186802;f__Oscillospiraceae__216572;g__Anaerofilum__52784,0.9984752057716306,0.9984752057716306,0.9984752057716306,0.9984752057716306,0.9984752057716306
SRR5936079,592978,species,0.001002004008016,Mediterraneibacter faecis,n__cellular organisms__131567;sk__Bacteria__2;k__Bacillati__1783272;p__Bacillota__1239;c__Clostridia__186801;o__Lachnospirales__3085636;f__Lachnospiraceae__186803;g__Mediterraneibacter__2316020;s__Mediterraneibacter faecis__592978,0.5914659747742483,0.5914659747742519,0.5914659747742519,0.5914659747742483,0.5914659747742519
SRR5936079,84030,species,0.001503006012024,Lacrimispora saccharolytica,n__cellular organisms__131567;sk__Bacteria__2;k__Bacillati__1783272;p__Bacillota__1239;c__Clostridia__186801;o__Lachnospirales__3085636;f__Lachnospiraceae__186803;g__Lacrimispora__2719231;s__Lacrimispora saccharolytica__84030,0.9887801773578864,0.9887801773578864,0.9887801773578864,0.9887801773578864,0.9887801773578864
SRR5936079,28037,species,0.0011022044088176,Streptococcus mitis,n__cellular organisms__131567;sk__Bacteria__2;k__Bacillati__1783272;p__Bacillota__1239;c__Bacilli__91061;o__Lactobacillales__186826;f__Streptococcaceae__1300;g__Streptococcus__1301;s__Streptococcus mitis__28037,0.9963289265861588,0.9963289265861588,0.9963289265861588,0.9963289265861588,0.9963289265861588
SRR5936079,2039240,genus,0.0028056112224448,Anaerotignum,n__cellular organisms__131567;sk__Bacteria__2;k__Bacillati__1783272;p__Bacillota__1239;c__Clostridia__186801;o__Lachnospirales__3085636;f__Anaerotignaceae__3118652;g__Anaerotignum__2039240,0.7836834526791623,0.7836834526791623,0.7836834526791612,0.783683452679162,0.7836834526791623
SRR5936079,216816,species,0.001002004008016,Bifidobacterium longum,n__cellular organisms__131567;sk__Bacteria__2;k__Bacillati__1783272;p__Actinomycetota__201174;c__Actinomycetes__1760;o__Bifidobacteriales__85004;f__Bifidobacteriaceae__31953;g__Bifidobacterium__1678;s__Bifidobacterium longum__216816,0.4758496423807714,0.4758496423807723,0.613244470786001,0.4758496423807714,0.4758496423807723
SRR5936079,1335,species,0.0001002004008015,Streptococcus equinus,n__cellular organisms__131567;sk__Bacteria__2;k__Bacillati__1783272;p__Bacillota__1239;c__Bacilli__91061;o__Lactobacillales__186826;f__Streptococcaceae__1300;g__Streptococcus__1301;s__Streptococcus equinus__1335,0.9945707006961894,0.9945707006961894,0.9945707006961894,0.9945707006961894,0.9945707006961894
SRR5936079,1689,species,0.0288577154308595,Bifidobacterium dentium,n__cellular organisms__131567;sk__Bacteria__2;k__Bacillati__1783272;p__Actinomycetota__201174;c__Actinomycetes__1760;o__Bifidobacteriales__85004;f__Bifidobacteriaceae__31953;g__Bifidobacterium__1678;s__Bifidobacterium dentium__1689,0.9948994828749512,0.9948994828749512,0.9948994828749512,0.9948994828749512,0.9948994828749512
SRR5936079,2628103,no rank,0.0398797595190366,unclassified Pseudoflavonifractor,n__cellular organisms__131567;sk__Bacteria__2;k__Bacillati__1783272;p__Bacillota__1239;c__Clostridia__186801;o__Eubacteriales__186802;f__Oscillospiraceae__216572;g__Pseudoflavonifractor__1017280;n__unclassified Pseudoflavonifractor__2628103,0.9999933597817644,0.9999933597817644,0.9999933597817644,0.9999933597817644,0.9999933597817644
SRR5936079,301302,species,0.1349699398797604,Roseburia faecis,n__cellular organisms__131567;sk__Bacteria__2;k__Bacillati__1783272;p__Bacillota__1239;c__Clostridia__186801;o__Lachnospirales__3085636;f__Lachnospiraceae__186803;g__Roseburia__841;s__Roseburia faecis__301302,0.9970185663794368,0.9970185663794368,0.9970822721422375,0.9970185663794368,0.9970185663794368
SRR5936079,186826,order,0.0021042084168336,Lactobacillales,n__cellular organisms__131567;sk__Bacteria__2;k__Bacillati__1783272;p__Bacillota__1239;c__Bacilli__91061;o__Lactobacillales__186826,0.5901260901820407,0.5901260901820407,0.5901260901820403,0.5901260901820408,0.5901260901820407
SRR5936079,2630086,no rank,0.0908817635270445,unclassified Veillonella,n__cellular organisms__131567;sk__Bacteria__2;k__Bacillati__1783272;p__Bacillota__1239;c__Negativicutes__909932;o__Veillonellales__1843489;f__Veillonellaceae__31977;g__Veillonella__29465;n__unclassified Veillonella__2630086,0.999213895652916,0.999213895652916,0.999213895652916,0.999213895652916,0.999213895652916
SRR5936079,450749,species,0.0908817635270512,Veillonella sp. 6_1_27,n__cellular organisms__131567;sk__Bacteria__2;k__Bacillati__1783272;p__Bacillota__1239;c__Negativicutes__909932;o__Veillonellales__1843489;f__Veillonellaceae__31977;g__Veillonella__29465;n__unclassified Veillonella__2630086;s__Veillonella sp. 6_1_27__450749,0.9998090029962312,0.9998090029962312,0.9998090029962312,0.9998090029962312,0.9998090029962312
SRR5936079,2629304,no rank,0.0047094188376752,unclassified Oscillibacter,n__cellular organisms__131567;sk__Bacteria__2;k__Bacillati__1783272;p__Bacillota__1239;c__Clostridia__186801;o__Eubacteriales__186802;f__Oscillospiraceae__216572;g__Oscillibacter__459786;n__unclassified Oscillibacter__2629304,0.949854613176,0.949854613176,0.9498546131759996,0.949854613176,0.949854613176
SRR5936079,29465,genus,0.2485971943887752,Veillonella,n__cellular organisms__131567;sk__Bacteria__2;k__Bacillati__1783272;p__Bacillota__1239;c__Negativicutes__909932;o__Veillonellales__1843489;f__Veillonellaceae__31977;g__Veillonella__29465,0.9986263865391624,0.9986263865391624,0.9985992768388412,0.9986263865391624,0.9986263865391624
SRR5936079,1903414,family,0.0241482965931865,Morganellaceae,n__cellular organisms__131567;sk__Bacteria__2;k__Pseudomonadati__3379134;p__Pseudomonadota__1224;c__Gammaproteobacteria__1236;o__Enterobacterales__91347;f__Morganellaceae__1903414,0.9982223450408304,0.9982223450408304,0.9982223450408304,0.9982223450408304,0.9982223450408304
SRR5936079,160404,species,0.0028056112224448,Anaerotignum lactatifermentans,n__cellular organisms__131567;sk__Bacteria__2;k__Bacillati__1783272;p__Bacillota__1239;c__Clostridia__186801;o__Lachnospirales__3085636;f__Anaerotignaceae__3118652;g__Anaerotignum__2039240;s__Anaerotignum lactatifermentans__160404,0.9881885495655804,0.9881885495655804,0.9881885495655804,0.9881885495655804,0.9881885495655804
SRR5936079,2022527,species,0.0003006012024048,Prevotella sp. 885,n__cellular organisms__131567;sk__Bacteria__2;cl__FCB group__1783270;cl__Bacteroidota/Chlorobiota group__68336;p__Bacteroidota__976;c__Bacteroidia__200643;o__Bacteroidales__171549;f__Prevotellaceae__171552;g__Prevotella__838;n__unclassified Prevotella__2638335;s__Prevotella sp. 885__2022527,0.9839402855601438,0.9839402855601438,0.9839402855601438,0.9839402855601438,0.9839402855601438
SRR5936079,1935176,genus,0.0017034068136272,Angelakisella,n__cellular organisms__131567;sk__Bacteria__2;k__Bacillati__1783272;p__Bacillota__1239;c__Clostridia__186801;o__Eubacteriales__186802;f__Oscillospiraceae__216572;g__Angelakisella__1935176,0.9321471179387976,0.9321471179387976,0.932147117938802,0.9321471179387976,0.9321471179387976
SRR5936079,1871018,species,0.0017034068136272,Angelakisella massiliensis,n__cellular organisms__131567;sk__Bacteria__2;k__Bacillati__1783272;p__Bacillota__1239;c__Clostridia__186801;o__Eubacteriales__186802;f__Oscillospiraceae__216572;g__Angelakisella__1935176;s__Angelakisella massiliensis__1871018,0.9321471179387976,0.9321471179387976,0.932147117938802,0.9321471179387976,0.9321471179387976
SRR5936079,2015901,species,0.0063126252505009,Massilicoli timonensis,n__cellular organisms__131567;sk__Bacteria__2;k__Bacillati__1783272;p__Bacillota__1239;c__Erysipelotrichia__526524;o__Erysipelotrichales__526525;f__Erysipelotrichaceae__128827;g__Massilicoli__2683202;s__Massilicoli timonensis__2015901,0.998037385037309,0.998037385037309,0.998037385037309,0.998037385037309,0.998037385037309
SRR5936079,2683202,genus,0.0063126252505009,Massilicoli,n__cellular organisms__131567;sk__Bacteria__2;k__Bacillati__1783272;p__Bacillota__1239;c__Erysipelotrichia__526524;o__Erysipelotrichales__526525;f__Erysipelotrichaceae__128827;g__Massilicoli__2683202,0.998037385037309,0.998037385037309,0.998037385037309,0.998037385037309,0.998037385037309
SRR5936079,1924110,genus,0.0006012024048096,Massilimicrobiota,n__cellular organisms__131567;sk__Bacteria__2;k__Bacillati__1783272;p__Bacillota__1239;c__Erysipelotrichia__526524;o__Erysipelotrichales__526525;f__Erysipelotrichaceae__128827;g__Massilimicrobiota__1924110,0.992059353298646,0.992059353298646,0.992059353298646,0.992059353298646,0.992059353298646
SRR5936079,1505657,genus,0.0029058116232464,Intestinibacter,n__cellular organisms__131567;sk__Bacteria__2;k__Bacillati__1783272;p__Bacillota__1239;c__Clostridia__186801;o__Peptostreptococcales__3082720;f__Peptostreptococcaceae__186804;g__Intestinibacter__1505657,0.9828615155845956,0.9828615155845956,0.9828615155845956,0.9828615155845956,0.9828615155845956
SRR5936079,1017280,genus,0.0416833667334652,Pseudoflavonifractor,n__cellular organisms__131567;sk__Bacteria__2;k__Bacillati__1783272;p__Bacillota__1239;c__Clostridia__186801;o__Eubacteriales__186802;f__Oscillospiraceae__216572;g__Pseudoflavonifractor__1017280,0.9999524342949504,0.9999524342949504,0.9999524342949504,0.9999524342949504,0.9999524342949504
SRR5936079,29363,species,0.0001002004008016,Clostridium paraputrificum,n__cellular organisms__131567;sk__Bacteria__2;k__Bacillati__1783272;p__Bacillota__1239;c__Clostridia__186801;o__Eubacteriales__186802;f__Clostridiaceae__31979;g__Clostridium__1485;s__Clostridium paraputrificum__29363,0.9850626524742664,0.9850626524742664,0.9850626524742654,0.9850626524742656,0.9850626524742664
SRR5936079,1232459,species,0.01312625250501,Oscillospiraceae bacterium VE202-24,n__cellular organisms__131567;sk__Bacteria__2;k__Bacillati__1783272;p__Bacillota__1239;c__Clostridia__186801;o__Eubacteriales__186802;f__Oscillospiraceae__216572;n__unclassified Oscillospiraceae__473772;s__Oscillospiraceae bacterium VE202-24__1232459,0.9849695104482374,0.9849695104482374,0.9849695104482374,0.9849695104482374,0.9849695104482374
SRR5936079,106588,species,0.0018036072144288,Pseudoflavonifractor capillosus,n__cellular organisms__131567;sk__Bacteria__2;k__Bacillati__1783272;p__Bacillota__1239;c__Clostridia__186801;o__Eubacteriales__186802;f__Oscillospiraceae__216572;g__Pseudoflavonifractor__1017280;s__Pseudoflavonifractor capillosus__106588,0.991748564529898,0.991748564529898,0.9917485645298976,0.991748564529898,0.991748564529898
SRR5936079,166486,species,0.0092184368737475,Roseburia intestinalis,n__cellular organisms__131567;sk__Bacteria__2;k__Bacillati__1783272;p__Bacillota__1239;c__Clostridia__186801;o__Lachnospirales__3085636;f__Lachnospiraceae__186803;g__Roseburia__841;s__Roseburia intestinalis__166486,0.8032931293745713,0.8032931293745713,0.8032931293745714,0.8032931293745712,0.8032931293745713
SRR5936079,2629267,no rank,0.0023046092184368,unclassified Flavonifractor,n__cellular organisms__131567;sk__Bacteria__2;k__Bacillati__1783272;p__Bacillota__1239;c__Clostridia__186801;o__Eubacteriales__186802;f__Oscillospiraceae__216572;g__Flavonifractor__946234;n__unclassified Flavonifractor__2629267,0.9932860218415924,0.9932860218415924,0.9932860218415924,0.9932860218415924,0.9932860218415924
SRR5936079,2608895,no rank,0.0058116232464924,unclassified Lachnoclostridium,n__cellular organisms__131567;sk__Bacteria__2;k__Bacillati__1783272;p__Bacillota__1239;c__Clostridia__186801;o__Lachnospirales__3085636;f__Lachnospiraceae__186803;g__Lachnoclostridium__1506553;n__unclassified Lachnoclostridium__2608895,0.9994792476646908,0.9994792476646908,0.9994792476646908,0.9994792476646908,0.9994792476646908
SRR5936079,2293144,species,0.092685370741483,Roseburia sp. TF10-5,n__cellular organisms__131567;sk__Bacteria__2;k__Bacillati__1783272;p__Bacillota__1239;c__Clostridia__186801;o__Lachnospirales__3085636;f__Lachnospiraceae__186803;g__Roseburia__841;n__unclassified Roseburia__2637578;s__Roseburia sp. TF10-5__2293144,0.9954084691374202,0.9954084691374202,0.99540846913742,0.9954084691374202,0.9954084691374202
SRR5936079,2719231,genus,0.001503006012024,Lacrimispora,n__cellular organisms__131567;sk__Bacteria__2;k__Bacillati__1783272;p__Bacillota__1239;c__Clostridia__186801;o__Lachnospirales__3085636;f__Lachnospiraceae__186803;g__Lacrimispora__2719231,0.9887801773578864,0.9887801773578864,0.9887801773578864,0.9887801773578864,0.9887801773578864
SRR5936079,39778,species,0.0732464929859764,Veillonella dispar,n__cellular organisms__131567;sk__Bacteria__2;k__Bacillati__1783272;p__Bacillota__1239;c__Negativicutes__909932;o__Veillonellales__1843489;f__Veillonellaceae__31977;g__Veillonella__29465;s__Veillonella dispar__39778,0.999866365522263,0.999866365522263,0.999866365522263,0.999866365522263,0.999866365522263
SRR5936079,1940255,genus,0.0063082097348985,Allofournierella,n__cellular organisms__131567;sk__Bacteria__2;k__Bacillati__1783272;p__Bacillota__1239;c__Clostridia__186801;o__Eubacteriales__186802;f__Oscillospiraceae__216572;g__Allofournierella__1940255,1.0,1.0,1.0,1.0,1.0
SRR5936079,423477,species,0.0044088176352704,Veillonella rogosae,n__cellular organisms__131567;sk__Bacteria__2;k__Bacillati__1783272;p__Bacillota__1239;c__Negativicutes__909932;o__Veillonellales__1843489;f__Veillonellaceae__31977;g__Veillonella__29465;s__Veillonella rogosae__423477,0.992344640970522,0.992344640970522,0.992344640970522,0.992344640970522,0.992344640970522
SRR5936079,2648079,no rank,0.0021042084168336,unclassified Blautia,n__cellular organisms__131567;sk__Bacteria__2;k__Bacillati__1783272;p__Bacillota__1239;c__Clostridia__186801;o__Lachnospirales__3085636;f__Lachnospiraceae__186803;g__Blautia__572511;n__unclassified Blautia__2648079,0.5170426131981147,0.5170426131981147,0.5170426131981127,0.5170426131981147,0.5170426131981147
SRR5936079,1682,subspecies,0.001002004008016,Bifidobacterium longum subsp. infantis,n__cellular organisms__131567;sk__Bacteria__2;k__Bacillati__1783272;p__Actinomycetota__201174;c__Actinomycetes__1760;o__Bifidobacteriales__85004;f__Bifidobacteriaceae__31953;g__Bifidobacterium__1678;s__Bifidobacterium longum__216816;sus__Bifidobacterium longum subsp. infantis__1682,0.9677662331210748,0.9677662331210748,0.9677662331210748,0.9677662331210748,0.9677662331210748
SRR5936079,418240,species,0.001002004008016,Blautia wexlerae,n__cellular organisms__131567;sk__Bacteria__2;k__Bacillati__1783272;p__Bacillota__1239;c__Clostridia__186801;o__Lachnospirales__3085636;f__Lachnospiraceae__186803;g__Blautia__572511;s__Blautia wexlerae__418240,0.2987814514243482,0.2987814514243504,0.2987814514243504,0.2987814514243482,0.2987814514243504
SRR5936079,2637578,no rank,0.092685370741483,unclassified Roseburia,n__cellular organisms__131567;sk__Bacteria__2;k__Bacillati__1783272;p__Bacillota__1239;c__Clostridia__186801;o__Lachnospirales__3085636;f__Lachnospiraceae__186803;g__Roseburia__841;n__unclassified Roseburia__2637578,0.9952044291455818,0.9952044291455818,0.9952044291455816,0.9952044291455818,0.9952044291455818
SRR5936079,29466,species,0.0786573146292618,Veillonella parvula,n__cellular organisms__131567;sk__Bacteria__2;k__Bacillati__1783272;p__Bacillota__1239;c__Negativicutes__909932;o__Veillonellales__1843489;f__Veillonellaceae__31977;g__Veillonella__29465;s__Veillonella parvula__29466,0.9999575775027656,0.9999575775027656,0.9999575775027656,0.9999575775027656,0.9999575775027656
SRR5936079,2316020,genus,0.0067134268537073,Mediterraneibacter,n__cellular organisms__131567;sk__Bacteria__2;k__Bacillati__1783272;p__Bacillota__1239;c__Clostridia__186801;o__Lachnospirales__3085636;f__Lachnospiraceae__186803;g__Mediterraneibacter__2316020,0.5019308542487348,0.5019308542487403,0.5019308542487294,0.501930854248724,0.5019308542487403
SRR5936079,2638335,no rank,0.0003006012024048,unclassified Prevotella,n__cellular organisms__131567;sk__Bacteria__2;cl__FCB group__1783270;cl__Bacteroidota/Chlorobiota group__68336;p__Bacteroidota__976;c__Bacteroidia__200643;o__Bacteroidales__171549;f__Prevotellaceae__171552;g__Prevotella__838;n__unclassified Prevotella__2638335,0.7504705730669228,0.750470573066922,0.7504705730669257,0.7504705730669234,0.750470573066922
SRR5936079,3085642,family,0.0070140280561121,Butyricicoccaceae,n__cellular organisms__131567;sk__Bacteria__2;k__Bacillati__1783272;p__Bacillota__1239;c__Clostridia__186801;o__Eubacteriales__186802;f__Butyricicoccaceae__3085642,0.8798347207974996,0.8798347207974996,0.8798347207974996,0.8798347207974996,0.8798347207974996
SRR5936079,3085636,order,0.3333667334669339,Lachnospirales,n__cellular organisms__131567;sk__Bacteria__2;k__Bacillati__1783272;p__Bacillota__1239;c__Clostridia__186801;o__Lachnospirales__3085636,0.9160927131993102,0.9160927131993102,0.9160927131993102,0.91609271319931,0.9160927131993102
SRR5936079,3082720,order,0.003006012024048,Peptostreptococcales,n__cellular organisms__131567;sk__Bacteria__2;k__Bacillati__1783272;p__Bacillota__1239;c__Clostridia__186801;o__Peptostreptococcales__3082720,0.9562543312566606,0.9562543312566606,0.9562543312566606,0.9562543312566606,0.9562543312566606
SRR5936079,3118652,family,0.0028056112224448,Anaerotignaceae,n__cellular organisms__131567;sk__Bacteria__2;k__Bacillati__1783272;p__Bacillota__1239;c__Clostridia__186801;o__Lachnospirales__3085636;f__Anaerotignaceae__3118652,0.7836834526791623,0.7836834526791623,0.7836834526791612,0.783683452679162,0.7836834526791623
