run_id,ncbi_taxon_id,taxon_rank_level,relative_abundance,name,lineage,CDF
213293,2649774,no rank,0.0028,unclassified Parabacteroides,n__cellular organisms__131567;sk__Bacteria__2;cl__FCB group__1783270;cl__Bacteroidota/Chlorobiota group__68336;p__Bacteroidota__976;c__Bacteroidia__200643;o__Bacteroidales__171549;f__Tannerellaceae__2005525;g__Parabacteroides__375288;n__unclassified Parabacteroides__2649774,0.3062220414802865
213293,1239,phylum,0.3354999999999995,Bacillota,n__cellular organisms__131567;sk__Bacteria__2;cl__Terrabacteria group__1783272;p__Bacillota__1239,0.46502643350957584
213293,91061,class,0.0089,Bacilli,n__cellular organisms__131567;sk__Bacteria__2;cl__Terrabacteria group__1783272;p__Bacillota__1239;c__Bacilli__91061,0.6718178121187324
213293,2,superkingdom,0.9997999999999982,Bacteria,n__cellular organisms__131567;sk__Bacteria__2,1.0
213293,1783272,clade,0.3932999999999995,Terrabacteria group,n__cellular organisms__131567;sk__Bacteria__2;cl__Terrabacteria group__1783272,0.49326751364520743
213293,2719313,genus,0.0043999999999999,Enterocloster,n__cellular organisms__131567;sk__Bacteria__2;cl__Terrabacteria group__1783272;p__Bacillota__1239;c__Clostridia__186801;o__Lachnospirales__3085636;f__Lachnospiraceae__186803;g__Enterocloster__2719313,0.9432696217973989
213293,208479,species,0.0017,Enterocloster bolteae,n__cellular organisms__131567;sk__Bacteria__2;cl__Terrabacteria group__1783272;p__Bacillota__1239;c__Clostridia__186801;o__Lachnospirales__3085636;f__Lachnospiraceae__186803;g__Enterocloster__2719313;s__Enterocloster bolteae__208479,0.9320862139080222
213293,218538,species,0.0076,Dialister invisus,n__cellular organisms__131567;sk__Bacteria__2;cl__Terrabacteria group__1783272;p__Bacillota__1239;c__Negativicutes__909932;o__Veillonellales__1843489;f__Veillonellaceae__31977;g__Dialister__39948;s__Dialister invisus__218538,0.8005286701910921
213293,2810280,family,0.0001,Coprobacillaceae,n__cellular organisms__131567;sk__Bacteria__2;cl__Terrabacteria group__1783272;p__Bacillota__1239;c__Erysipelotrichia__526524;o__Erysipelotrichales__526525;f__Coprobacillaceae__2810280,0.43025620170802875
213293,61170,genus,0.0006,Holdemania,n__cellular organisms__131567;sk__Bacteria__2;cl__Terrabacteria group__1783272;p__Bacillota__1239;c__Erysipelotrichia__526524;o__Erysipelotrichales__526525;f__Erysipelotrichaceae__128827;g__Holdemania__61170,0.7027246848312105
213293,2614128,no rank,0.0014,unclassified Clostridium,n__cellular organisms__131567;sk__Bacteria__2;cl__Terrabacteria group__1783272;p__Bacillota__1239;c__Clostridia__186801;o__Eubacteriales__186802;f__Clostridiaceae__31979;g__Clostridium__1485;n__unclassified Clostridium__2614128,0.6647010980073065
213293,33958,family,0.0087,Lactobacillaceae,n__cellular organisms__131567;sk__Bacteria__2;cl__Terrabacteria group__1783272;p__Bacillota__1239;c__Bacilli__91061;o__Lactobacillales__186826;f__Lactobacillaceae__33958,0.840585603903975
213293,28216,class,0.0232999999999999,Betaproteobacteria,n__cellular organisms__131567;sk__Bacteria__2;p__Pseudomonadota__1224;c__Betaproteobacteria__28216,0.8505490036599699
213293,1236,class,0.0029,Gammaproteobacteria,n__cellular organisms__131567;sk__Bacteria__2;p__Pseudomonadota__1224;c__Gammaproteobacteria__1236,0.5520536803578795
213293,1783270,clade,0.5746999999999995,FCB group,n__cellular organisms__131567;sk__Bacteria__2;cl__FCB group__1783270,0.5579237591742766
213293,976,phylum,0.5746999999999995,Bacteroidota,n__cellular organisms__131567;sk__Bacteria__2;cl__FCB group__1783270;cl__Bacteroidota/Chlorobiota group__68336;p__Bacteroidota__976,0.5579237591742766
213293,200643,class,0.5746999999999995,Bacteroidia,n__cellular organisms__131567;sk__Bacteria__2;cl__FCB group__1783270;cl__Bacteroidota/Chlorobiota group__68336;p__Bacteroidota__976;c__Bacteroidia__200643,0.5579237591742766
213293,171551,family,0.0002,Porphyromonadaceae,n__cellular organisms__131567;sk__Bacteria__2;cl__FCB group__1783270;cl__Bacteroidota/Chlorobiota group__68336;p__Bacteroidota__976;c__Bacteroidia__200643;o__Bacteroidales__171549;f__Porphyromonadaceae__171551,0.5128100854005881
213293,80840,order,0.0232999999999999,Burkholderiales,n__cellular organisms__131567;sk__Bacteria__2;p__Pseudomonadota__1224;c__Betaproteobacteria__28216;o__Burkholderiales__80840,0.8505490036599699
213293,171549,order,0.5746999999999995,Bacteroidales,n__cellular organisms__131567;sk__Bacteria__2;cl__FCB group__1783270;cl__Bacteroidota/Chlorobiota group__68336;p__Bacteroidota__976;c__Bacteroidia__200643;o__Bacteroidales__171549,0.5579237591742766
213293,836,genus,0.0002,Porphyromonas,n__cellular organisms__131567;sk__Bacteria__2;cl__FCB group__1783270;cl__Bacteroidota/Chlorobiota group__68336;p__Bacteroidota__976;c__Bacteroidia__200643;o__Bacteroidales__171549;f__Porphyromonadaceae__171551;g__Porphyromonas__836,0.6016673444489629
213293,68336,clade,0.5746999999999995,Bacteroidota/Chlorobiota group,n__cellular organisms__131567;sk__Bacteria__2;cl__FCB group__1783270;cl__Bacteroidota/Chlorobiota group__68336,0.5579237591742766
213293,543,family,0.0029,Enterobacteriaceae,n__cellular organisms__131567;sk__Bacteria__2;p__Pseudomonadota__1224;c__Gammaproteobacteria__1236;o__Enterobacterales__91347;f__Enterobacteriaceae__543,0.6354209028060114
213293,171552,family,0.0004,Prevotellaceae,n__cellular organisms__131567;sk__Bacteria__2;cl__FCB group__1783270;cl__Bacteroidota/Chlorobiota group__68336;p__Bacteroidota__976;c__Bacteroidia__200643;o__Bacteroidales__171549;f__Prevotellaceae__171552,0.4709231394876164
213293,1224,phylum,0.0261999999999999,Pseudomonadota,n__cellular organisms__131567;sk__Bacteria__2;p__Pseudomonadota__1224,0.6866612444082775
213293,909932,class,0.0076,Negativicutes,n__cellular organisms__131567;sk__Bacteria__2;cl__Terrabacteria group__1783272;p__Bacillota__1239;c__Negativicutes__909932,0.21716144774298957
213293,91347,order,0.0029,Enterobacterales,n__cellular organisms__131567;sk__Bacteria__2;p__Pseudomonadota__1224;c__Gammaproteobacteria__1236;o__Enterobacterales__91347,0.6313542090280537
213293,216572,family,0.1295999999999997,Oscillospiraceae,n__cellular organisms__131567;sk__Bacteria__2;cl__Terrabacteria group__1783272;p__Bacillota__1239;c__Clostridia__186801;o__Eubacteriales__186802;f__Oscillospiraceae__216572,0.579910532736889
213293,186802,order,0.1393999999999997,Eubacteriales,n__cellular organisms__131567;sk__Bacteria__2;cl__Terrabacteria group__1783272;p__Bacillota__1239;c__Clostridia__186801;o__Eubacteriales__186802,0.46502643350957573
213293,200940,phylum,0.0051,Thermodesulfobacteriota,n__cellular organisms__131567;sk__Bacteria__2;p__Thermodesulfobacteriota__200940,0.7287515250101395
213293,186801,class,0.3118999999999997,Clostridia,n__cellular organisms__131567;sk__Bacteria__2;cl__Terrabacteria group__1783272;p__Bacillota__1239;c__Clostridia__186801,0.5424924973952516
213293,213115,order,0.0051,Desulfovibrionales,n__cellular organisms__131567;sk__Bacteria__2;p__Thermodesulfobacteriota__200940;c__Desulfovibrionia__3031449;o__Desulfovibrionales__213115,0.7287515250101395
213293,2005525,family,0.0086,Tannerellaceae,n__cellular organisms__131567;sk__Bacteria__2;cl__FCB group__1783270;cl__Bacteroidota/Chlorobiota group__68336;p__Bacteroidota__976;c__Bacteroidia__200643;o__Bacteroidales__171549;f__Tannerellaceae__2005525,0.22061813745425451
213293,194924,family,0.0051,Desulfovibrionaceae,n__cellular organisms__131567;sk__Bacteria__2;p__Thermodesulfobacteriota__200940;c__Desulfovibrionia__3031449;o__Desulfovibrionales__213115;f__Desulfovibrionaceae__194924,0.7287515250101395
213293,1760,class,0.0532,Actinomycetes,n__cellular organisms__131567;sk__Bacteria__2;cl__Terrabacteria group__1783272;p__Actinomycetota__201174;c__Actinomycetes__1760,0.813899252081925
213293,1263,genus,0.024,Ruminococcus,n__cellular organisms__131567;sk__Bacteria__2;cl__Terrabacteria group__1783272;p__Bacillota__1239;c__Clostridia__186801;o__Eubacteriales__186802;f__Oscillospiraceae__216572;g__Ruminococcus__1263,0.5933306222041497
213293,186803,family,0.1724999999999998,Lachnospiraceae,n__cellular organisms__131567;sk__Bacteria__2;cl__Terrabacteria group__1783272;p__Bacillota__1239;c__Clostridia__186801;o__Lachnospirales__3085636;f__Lachnospiraceae__186803,0.6545702461545702
213293,526524,class,0.0011,Erysipelotrichia,n__cellular organisms__131567;sk__Bacteria__2;cl__Terrabacteria group__1783272;p__Bacillota__1239;c__Erysipelotrichia__526524,0.3590890605937504
213293,201174,phylum,0.0578,Actinomycetota,n__cellular organisms__131567;sk__Bacteria__2;cl__Terrabacteria group__1783272;p__Actinomycetota__201174,0.7646814348725349
213293,189330,genus,0.0091,Dorea,n__cellular organisms__131567;sk__Bacteria__2;cl__Terrabacteria group__1783272;p__Bacillota__1239;c__Clostridia__186801;o__Lachnospirales__3085636;f__Lachnospiraceae__186803;g__Dorea__189330,0.7118747458316153
213293,39948,genus,0.0076,Dialister,n__cellular organisms__131567;sk__Bacteria__2;cl__Terrabacteria group__1783272;p__Bacillota__1239;c__Negativicutes__909932;o__Veillonellales__1843489;f__Veillonellaceae__31977;g__Dialister__39948,0.6848312322081969
213293,1506553,genus,0.0003,Lachnoclostridium,n__cellular organisms__131567;sk__Bacteria__2;cl__Terrabacteria group__1783272;p__Bacillota__1239;c__Clostridia__186801;o__Lachnospirales__3085636;f__Lachnospiraceae__186803;g__Lachnoclostridium__1506553,0.7252948352988755
213293,3031449,class,0.0051,Desulfovibrionia,n__cellular organisms__131567;sk__Bacteria__2;p__Thermodesulfobacteriota__200940;c__Desulfovibrionia__3031449,0.7287515250101395
213293,84998,class,0.0046,Coriobacteriia,n__cellular organisms__131567;sk__Bacteria__2;cl__Terrabacteria group__1783272;p__Actinomycetota__201174;c__Coriobacteriia__84998,0.5099633997560178
213293,1678,genus,0.0532,Bifidobacterium,n__cellular organisms__131567;sk__Bacteria__2;cl__Terrabacteria group__1783272;p__Actinomycetota__201174;c__Actinomycetes__1760;o__Bifidobacteriales__85004;f__Bifidobacteriaceae__31953;g__Bifidobacterium__1678,0.8147620984139439
213293,171550,family,0.0421999999999999,Rikenellaceae,n__cellular organisms__131567;sk__Bacteria__2;cl__FCB group__1783270;cl__Bacteroidota/Chlorobiota group__68336;p__Bacteroidota__976;c__Bacteroidia__200643;o__Bacteroidales__171549;f__Rikenellaceae__171550,0.3946726311508893
213293,128827,family,0.001,Erysipelotrichaceae,n__cellular organisms__131567;sk__Bacteria__2;cl__Terrabacteria group__1783272;p__Bacillota__1239;c__Erysipelotrichia__526524;o__Erysipelotrichales__526525;f__Erysipelotrichaceae__128827,0.46441642944288236
213293,1300,family,0.0002,Streptococcaceae,n__cellular organisms__131567;sk__Bacteria__2;cl__Terrabacteria group__1783272;p__Bacillota__1239;c__Bacilli__91061;o__Lactobacillales__186826;f__Streptococcaceae__1300,0.304595363969103
213293,239759,genus,0.0421999999999999,Alistipes,n__cellular organisms__131567;sk__Bacteria__2;cl__FCB group__1783270;cl__Bacteroidota/Chlorobiota group__68336;p__Bacteroidota__976;c__Bacteroidia__200643;o__Bacteroidales__171549;f__Rikenellaceae__171550;g__Alistipes__239759,0.40239934932901095
213293,1843489,order,0.0076,Veillonellales,n__cellular organisms__131567;sk__Bacteria__2;cl__Terrabacteria group__1783272;p__Bacillota__1239;c__Negativicutes__909932;o__Veillonellales__1843489,0.5734038226921572
213293,526525,order,0.0011,Erysipelotrichales,n__cellular organisms__131567;sk__Bacteria__2;cl__Terrabacteria group__1783272;p__Bacillota__1239;c__Erysipelotrichia__526524;o__Erysipelotrichales__526525,0.3590890605937504
213293,85004,order,0.0532,Bifidobacteriales,n__cellular organisms__131567;sk__Bacteria__2;cl__Terrabacteria group__1783272;p__Actinomycetota__201174;c__Actinomycetes__1760;o__Bifidobacteriales__85004,0.8146265419546787
213293,31953,family,0.0532,Bifidobacteriaceae,n__cellular organisms__131567;sk__Bacteria__2;cl__Terrabacteria group__1783272;p__Actinomycetota__201174;c__Actinomycetes__1760;o__Bifidobacteriales__85004;f__Bifidobacteriaceae__31953,0.8146265419546787
213293,31977,family,0.0076,Veillonellaceae,n__cellular organisms__131567;sk__Bacteria__2;cl__Terrabacteria group__1783272;p__Bacillota__1239;c__Negativicutes__909932;o__Veillonellales__1843489;f__Veillonellaceae__31977,0.5734038226921572
213293,1301,genus,0.0002,Streptococcus,n__cellular organisms__131567;sk__Bacteria__2;cl__Terrabacteria group__1783272;p__Bacillota__1239;c__Bacilli__91061;o__Lactobacillales__186826;f__Streptococcaceae__1300;g__Streptococcus__1301,0.31882879219195864
213293,995019,family,0.0145999999999999,Sutterellaceae,n__cellular organisms__131567;sk__Bacteria__2;p__Pseudomonadota__1224;c__Betaproteobacteria__28216;o__Burkholderiales__80840;f__Sutterellaceae__995019,0.7627084180560859
213293,561,genus,0.0029,Escherichia,n__cellular organisms__131567;sk__Bacteria__2;p__Pseudomonadota__1224;c__Gammaproteobacteria__1236;o__Enterobacterales__91347;f__Enterobacteriaceae__543;g__Escherichia__561,0.7017080113867211
213293,841,genus,0.0164,Roseburia,n__cellular organisms__131567;sk__Bacteria__2;cl__Terrabacteria group__1783272;p__Bacillota__1239;c__Clostridia__186801;o__Lachnospirales__3085636;f__Lachnospiraceae__186803;g__Roseburia__841,0.3511590077267308
213293,1643826,family,0.0046,Eggerthellaceae,n__cellular organisms__131567;sk__Bacteria__2;cl__Terrabacteria group__1783272;p__Actinomycetota__201174;c__Coriobacteriia__84998;o__Eggerthellales__1643822;f__Eggerthellaceae__1643826,0.824928832858838
213293,459786,genus,0.0040999999999999,Oscillibacter,n__cellular organisms__131567;sk__Bacteria__2;cl__Terrabacteria group__1783272;p__Bacillota__1239;c__Clostridia__186801;o__Eubacteriales__186802;f__Oscillospiraceae__216572;g__Oscillibacter__459786,0.8330622204147482
213293,292632,genus,0.0037,Subdoligranulum,n__cellular organisms__131567;sk__Bacteria__2;cl__Terrabacteria group__1783272;p__Bacillota__1239;c__Clostridia__186801;o__Eubacteriales__186802;f__Oscillospiraceae__216572;g__Subdoligranulum__292632,0.36783245221636174
213293,538999,no rank,0.0006,Eubacteriales incertae sedis,n__cellular organisms__131567;sk__Bacteria__2;cl__Terrabacteria group__1783272;p__Bacillota__1239;c__Clostridia__186801;o__Eubacteriales__186802;n__Eubacteriales incertae sedis__538999,0.1034973566490436
213293,1578,genus,0.0087,Lactobacillus,n__cellular organisms__131567;sk__Bacteria__2;cl__Terrabacteria group__1783272;p__Bacillota__1239;c__Bacilli__91061;o__Lactobacillales__186826;f__Lactobacillaceae__33958;g__Lactobacillus__1578,0.8741358275721256
213293,1643822,order,0.0046,Eggerthellales,n__cellular organisms__131567;sk__Bacteria__2;cl__Terrabacteria group__1783272;p__Actinomycetota__201174;c__Coriobacteriia__84998;o__Eggerthellales__1643822,0.824928832858838
213293,375288,genus,0.0086,Parabacteroides,n__cellular organisms__131567;sk__Bacteria__2;cl__FCB group__1783270;cl__Bacteroidota/Chlorobiota group__68336;p__Bacteroidota__976;c__Bacteroidia__200643;o__Bacteroidales__171549;f__Tannerellaceae__2005525;g__Parabacteroides__375288,0.2259048393656009
213293,577310,genus,0.0081999999999999,Parasutterella,n__cellular organisms__131567;sk__Bacteria__2;p__Pseudomonadota__1224;c__Betaproteobacteria__28216;o__Burkholderiales__80840;f__Sutterellaceae__995019;g__Parasutterella__577310,0.9489629930865464
213293,31979,family,0.004,Clostridiaceae,n__cellular organisms__131567;sk__Bacteria__2;cl__Terrabacteria group__1783272;p__Bacillota__1239;c__Clostridia__186801;o__Eubacteriales__186802;f__Clostridiaceae__31979,0.7791785278568144
213293,1485,genus,0.0036,Clostridium,n__cellular organisms__131567;sk__Bacteria__2;cl__Terrabacteria group__1783272;p__Bacillota__1239;c__Clostridia__186801;o__Eubacteriales__186802;f__Clostridiaceae__31979;g__Clostridium__1485,0.8037820252134582
213293,572511,genus,0.0939999999999998,Blautia,n__cellular organisms__131567;sk__Bacteria__2;cl__Terrabacteria group__1783272;p__Bacillota__1239;c__Clostridia__186801;o__Lachnospirales__3085636;f__Lachnospiraceae__186803;g__Blautia__572511,0.9757208802518983
213293,838,genus,0.0004,Prevotella,n__cellular organisms__131567;sk__Bacteria__2;cl__FCB group__1783270;cl__Bacteroidota/Chlorobiota group__68336;p__Bacteroidota__976;c__Bacteroidia__200643;o__Bacteroidales__171549;f__Prevotellaceae__171552;g__Prevotella__838,0.670801138674243
213293,518636,strain,0.0009,[Clostridium] asparagiforme DSM 15981,n__cellular organisms__131567;sk__Bacteria__2;cl__Terrabacteria group__1783272;p__Bacillota__1239;c__Clostridia__186801;o__Lachnospirales__3085636;f__Lachnospiraceae__186803;g__Enterocloster__2719313;s__Enterocloster asparagiformis__333367;st__[Clostridium] asparagiforme DSM 15981__518636,0.9747864985765775
213293,946234,genus,0.0208,Flavonifractor,n__cellular organisms__131567;sk__Bacteria__2;cl__Terrabacteria group__1783272;p__Bacillota__1239;c__Clostridia__186801;o__Eubacteriales__186802;f__Oscillospiraceae__216572;g__Flavonifractor__946234,0.9792090280601065
213293,580596,genus,0.0004,Butyricicoccus,n__cellular organisms__131567;sk__Bacteria__2;cl__Terrabacteria group__1783272;p__Bacillota__1239;c__Clostridia__186801;o__Eubacteriales__186802;f__Butyricicoccaceae__3085642;g__Butyricicoccus__580596,0.9806832045546161
213293,186928,no rank,0.0204,unclassified Lachnospiraceae,n__cellular organisms__131567;sk__Bacteria__2;cl__Terrabacteria group__1783272;p__Bacillota__1239;c__Clostridia__186801;o__Lachnospirales__3085636;f__Lachnospiraceae__186803;n__unclassified Lachnospiraceae__186928,0.7879219194794234
213293,469610,species,0.0087,Burkholderiales bacterium 1_1_47,n__cellular organisms__131567;sk__Bacteria__2;p__Pseudomonadota__1224;c__Betaproteobacteria__28216;o__Burkholderiales__80840;n__unclassified Burkholderiales__80841;s__Burkholderiales bacterium 1_1_47__469610,0.9556730378201765
213293,658089,species,0.003,Lachnospiraceae bacterium 5_1_63FAA,n__cellular organisms__131567;sk__Bacteria__2;cl__Terrabacteria group__1783272;p__Bacillota__1239;c__Clostridia__186801;o__Lachnospirales__3085636;f__Lachnospiraceae__186803;n__unclassified Lachnospiraceae__186928;s__Lachnospiraceae bacterium 5_1_63FAA__658089,0.8572590483936013
213293,80841,no rank,0.0087,unclassified Burkholderiales,n__cellular organisms__131567;sk__Bacteria__2;p__Pseudomonadota__1224;c__Betaproteobacteria__28216;o__Burkholderiales__80840;n__unclassified Burkholderiales__80841,0.9556730378201765
213293,333367,species,0.0009,Enterocloster asparagiformis,n__cellular organisms__131567;sk__Bacteria__2;cl__Terrabacteria group__1783272;p__Bacillota__1239;c__Clostridia__186801;o__Lachnospirales__3085636;f__Lachnospiraceae__186803;g__Enterocloster__2719313;s__Enterocloster asparagiformis__333367,0.9747864985765775
213293,544447,no rank,0.0004,unclassified Erysipelotrichaceae,n__cellular organisms__131567;sk__Bacteria__2;cl__Terrabacteria group__1783272;p__Bacillota__1239;c__Erysipelotrichia__526524;o__Erysipelotrichales__526525;f__Erysipelotrichaceae__128827;n__unclassified Erysipelotrichaceae__544447,0.833672224481447
213293,292800,species,0.0206,Flavonifractor plautii,n__cellular organisms__131567;sk__Bacteria__2;cl__Terrabacteria group__1783272;p__Bacillota__1239;c__Clostridia__186801;o__Eubacteriales__186802;f__Oscillospiraceae__216572;g__Flavonifractor__946234;s__Flavonifractor plautii__292800,0.9795309746508615
213293,2685293,no rank,0.0037,unclassified Subdoligranulum,n__cellular organisms__131567;sk__Bacteria__2;cl__Terrabacteria group__1783272;p__Bacillota__1239;c__Clostridia__186801;o__Eubacteriales__186802;f__Oscillospiraceae__216572;g__Subdoligranulum__292632;n__unclassified Subdoligranulum__2685293,0.37210248068321844
213293,501571,species,0.0004,Butyricicoccus pullicaecorum,n__cellular organisms__131567;sk__Bacteria__2;cl__Terrabacteria group__1783272;p__Bacillota__1239;c__Clostridia__186801;o__Eubacteriales__186802;f__Butyricicoccaceae__3085642;g__Butyricicoccus__580596;s__Butyricicoccus pullicaecorum__501571,0.9819032126880034
213293,658082,species,0.0019,Lachnospiraceae bacterium 2_1_58FAA,n__cellular organisms__131567;sk__Bacteria__2;cl__Terrabacteria group__1783272;p__Bacillota__1239;c__Clostridia__186801;o__Lachnospirales__3085636;f__Lachnospiraceae__186803;n__unclassified Lachnospiraceae__186928;s__Lachnospiraceae bacterium 2_1_58FAA__658082,0.9072793818624805
213293,649756,species,0.004,Anaerostipes hadrus,n__cellular organisms__131567;sk__Bacteria__2;cl__Terrabacteria group__1783272;p__Bacillota__1239;c__Clostridia__186801;o__Lachnospirales__3085636;f__Lachnospiraceae__186803;g__Anaerostipes__207244;s__Anaerostipes hadrus__649756,0.8542090280601331
213293,338188,species,0.03,Bacteroides finegoldii,n__cellular organisms__131567;sk__Bacteria__2;cl__FCB group__1783270;cl__Bacteroidota/Chlorobiota group__68336;p__Bacteroidota__976;c__Bacteroidia__200643;o__Bacteroidales__171549;f__Bacteroidaceae__815;g__Bacteroides__816;s__Bacteroides finegoldii__338188,0.9738153478236327
213293,674529,species,0.0287,Bacteroides faecis,n__cellular organisms__131567;sk__Bacteria__2;cl__FCB group__1783270;cl__Bacteroidota/Chlorobiota group__68336;p__Bacteroidota__976;c__Bacteroidia__200643;o__Bacteroidales__171549;f__Bacteroidaceae__815;g__Bacteroides__816;s__Bacteroides faecis__674529,0.9743767638517129
213293,473772,no rank,0.0069999999999999,unclassified Oscillospiraceae,n__cellular organisms__131567;sk__Bacteria__2;cl__Terrabacteria group__1783272;p__Bacillota__1239;c__Clostridia__186801;o__Eubacteriales__186802;f__Oscillospiraceae__216572;n__unclassified Oscillospiraceae__473772,0.8208621390808803
213293,1681,species,0.0126,Bifidobacterium bifidum,n__cellular organisms__131567;sk__Bacteria__2;cl__Terrabacteria group__1783272;p__Actinomycetota__201174;c__Actinomycetes__1760;o__Bifidobacteriales__85004;f__Bifidobacteriaceae__31953;g__Bifidobacterium__1678;s__Bifidobacterium bifidum__1681,0.9534363562422998
213293,1805476,species,0.0153,Blautia sp. Marseille-P2398,n__cellular organisms__131567;sk__Bacteria__2;cl__Terrabacteria group__1783272;p__Bacillota__1239;c__Clostridia__186801;o__Lachnospirales__3085636;f__Lachnospiraceae__186803;g__Blautia__572511;n__unclassified Blautia__2648079;s__Blautia sp. Marseille-P2398__1805476,0.9145994306628042
213293,718252,strain,0.0356999999999999,Faecalibacterium prausnitzii L2-6,n__cellular organisms__131567;sk__Bacteria__2;cl__Terrabacteria group__1783272;p__Bacillota__1239;c__Clostridia__186801;o__Eubacteriales__186802;f__Oscillospiraceae__216572;g__Faecalibacterium__216851;s__Faecalibacterium prausnitzii__853;st__Faecalibacterium prausnitzii L2-6__718252,0.9311113475958293
213293,281920,species,0.0002,Porphyromonas uenonis,n__cellular organisms__131567;sk__Bacteria__2;cl__FCB group__1783270;cl__Bacteroidota/Chlorobiota group__68336;p__Bacteroidota__976;c__Bacteroidia__200643;o__Bacteroidales__171549;f__Porphyromonadaceae__171551;g__Porphyromonas__836;s__Porphyromonas uenonis__281920,0.9886132574216335
213293,28130,species,0.0004,Prevotella disiens,n__cellular organisms__131567;sk__Bacteria__2;cl__FCB group__1783270;cl__Bacteroidota/Chlorobiota group__68336;p__Bacteroidota__976;c__Bacteroidia__200643;o__Bacteroidales__171549;f__Prevotellaceae__171552;g__Prevotella__838;s__Prevotella disiens__28130,0.9924766165106933
213293,35833,species,0.0043,Bilophila wadsworthia,n__cellular organisms__131567;sk__Bacteria__2;p__Thermodesulfobacteriota__200940;c__Desulfovibrionia__3031449;o__Desulfovibrionales__213115;f__Desulfovibrionaceae__194924;g__Bilophila__35832;s__Bilophila wadsworthia__35833,0.8399755998372813
213293,207244,genus,0.0041,Anaerostipes,n__cellular organisms__131567;sk__Bacteria__2;cl__Terrabacteria group__1783272;p__Bacillota__1239;c__Clostridia__186801;o__Lachnospirales__3085636;f__Lachnospiraceae__186803;g__Anaerostipes__207244,0.8401789345261792
213293,644652,genus,0.0006,Gordonibacter,n__cellular organisms__131567;sk__Bacteria__2;cl__Terrabacteria group__1783272;p__Actinomycetota__201174;c__Coriobacteriia__84998;o__Eggerthellales__1643822;f__Eggerthellaceae__1643826;g__Gordonibacter__644652,0.9009760065066461
213293,84111,genus,0.004,Eggerthella,n__cellular organisms__131567;sk__Bacteria__2;cl__Terrabacteria group__1783272;p__Actinomycetota__201174;c__Coriobacteriia__84998;o__Eggerthellales__1643822;f__Eggerthellaceae__1643826;g__Eggerthella__84111,0.9450996339974866
213293,471189,species,0.0006,Gordonibacter pamelaeae,n__cellular organisms__131567;sk__Bacteria__2;cl__Terrabacteria group__1783272;p__Actinomycetota__201174;c__Coriobacteriia__84998;o__Eggerthellales__1643822;f__Eggerthellaceae__1643826;g__Gordonibacter__644652;s__Gordonibacter pamelaeae__471189,0.9054493696623995
213293,2648737,no rank,0.0019,unclassified Eggerthella,n__cellular organisms__131567;sk__Bacteria__2;cl__Terrabacteria group__1783272;p__Actinomycetota__201174;c__Coriobacteriia__84998;o__Eggerthellales__1643822;f__Eggerthellaceae__1643826;g__Eggerthella__84111;n__unclassified Eggerthella__2648737,0.9398129320861417
213293,1649459,genus,0.0004,Hungatella,n__cellular organisms__131567;sk__Bacteria__2;cl__Terrabacteria group__1783272;p__Bacillota__1239;c__Clostridia__186801;o__Eubacteriales__186802;f__Clostridiaceae__31979;g__Hungatella__1649459,0.8694591297274743
213293,53443,species,0.002,Blautia hydrogenotrophica,n__cellular organisms__131567;sk__Bacteria__2;cl__Terrabacteria group__1783272;p__Bacillota__1239;c__Clostridia__186801;o__Lachnospirales__3085636;f__Lachnospiraceae__186803;g__Blautia__572511;s__Blautia hydrogenotrophica__53443,0.9920699471328975
213293,28111,species,0.0670999999999999,Bacteroides eggerthii,n__cellular organisms__131567;sk__Bacteria__2;cl__FCB group__1783270;cl__Bacteroidota/Chlorobiota group__68336;p__Bacteroidota__976;c__Bacteroidia__200643;o__Bacteroidales__171549;f__Bacteroidaceae__815;g__Bacteroides__816;s__Bacteroides eggerthii__28111,0.9719894067585676
213293,487175,species,0.0081999999999999,Parasutterella excrementihominis,n__cellular organisms__131567;sk__Bacteria__2;p__Pseudomonadota__1224;c__Betaproteobacteria__28216;o__Burkholderiales__80840;f__Sutterellaceae__995019;g__Parasutterella__577310;s__Parasutterella excrementihominis__487175,0.9489629930865464
213293,820,species,0.0698,Bacteroides uniformis,n__cellular organisms__131567;sk__Bacteria__2;cl__FCB group__1783270;cl__Bacteroidota/Chlorobiota group__68336;p__Bacteroidota__976;c__Bacteroidia__200643;o__Bacteroidales__171549;f__Bacteroidaceae__815;g__Bacteroides__816;s__Bacteroides uniformis__820,0.8125147895875185
213293,1512,species,0.0003,[Clostridium] symbiosum,n__cellular organisms__131567;sk__Bacteria__2;cl__Terrabacteria group__1783272;p__Bacillota__1239;c__Clostridia__186801;o__Lachnospirales__3085636;f__Lachnospiraceae__186803;g__Lachnoclostridium__1506553;s__[Clostridium] symbiosum__1512,0.8962993086619948
213293,371601,species,0.0081,Bacteroides xylanisolvens,n__cellular organisms__131567;sk__Bacteria__2;cl__FCB group__1783270;cl__Bacteroidota/Chlorobiota group__68336;p__Bacteroidota__976;c__Bacteroidia__200643;o__Bacteroidales__171549;f__Bacteroidaceae__815;g__Bacteroides__816;s__Bacteroides xylanisolvens__371601,0.7832452216347721
213293,28116,species,0.0151,Bacteroides ovatus,n__cellular organisms__131567;sk__Bacteria__2;cl__FCB group__1783270;cl__Bacteroidota/Chlorobiota group__68336;p__Bacteroidota__976;c__Bacteroidia__200643;o__Bacteroidales__171549;f__Bacteroidaceae__815;g__Bacteroides__816;s__Bacteroides ovatus__28116,0.734851565677076
213293,39491,species,0.0064,Agathobacter rectalis,n__cellular organisms__131567;sk__Bacteria__2;cl__Terrabacteria group__1783272;p__Bacillota__1239;c__Clostridia__186801;o__Lachnospirales__3085636;f__Lachnospiraceae__186803;g__Agathobacter__1766253;s__Agathobacter rectalis__39491,0.44245628304190504
213293,562,species,0.0029,Escherichia coli,n__cellular organisms__131567;sk__Bacteria__2;p__Pseudomonadota__1224;c__Gammaproteobacteria__1236;o__Enterobacterales__91347;f__Enterobacteriaceae__543;g__Escherichia__561;s__Escherichia coli__562,0.7023180154534148
213293,909656,genus,0.1262999999999999,Phocaeicola,n__cellular organisms__131567;sk__Bacteria__2;cl__FCB group__1783270;cl__Bacteroidota/Chlorobiota group__68336;p__Bacteroidota__976;c__Bacteroidia__200643;o__Bacteroidales__171549;f__Bacteroidaceae__815;g__Phocaeicola__909656,0.7219189895000648
213293,204516,species,0.0333,Phocaeicola massiliensis,n__cellular organisms__131567;sk__Bacteria__2;cl__FCB group__1783270;cl__Bacteroidota/Chlorobiota group__68336;p__Bacteroidota__976;c__Bacteroidia__200643;o__Bacteroidales__171549;f__Bacteroidaceae__815;g__Phocaeicola__909656;s__Phocaeicola massiliensis__204516,0.9355429036192862
213293,357276,species,0.0233999999999999,Phocaeicola dorei,n__cellular organisms__131567;sk__Bacteria__2;cl__FCB group__1783270;cl__Bacteroidota/Chlorobiota group__68336;p__Bacteroidota__976;c__Bacteroidia__200643;o__Bacteroidales__171549;f__Bacteroidaceae__815;g__Phocaeicola__909656;s__Phocaeicola dorei__357276,0.7469015213995195
213293,1685,species,0.0012,Bifidobacterium breve,n__cellular organisms__131567;sk__Bacteria__2;cl__Terrabacteria group__1783272;p__Actinomycetota__201174;c__Actinomycetes__1760;o__Bifidobacteriales__85004;f__Bifidobacteriaceae__31953;g__Bifidobacterium__1678;s__Bifidobacterium breve__1685,0.9412362749084269
213293,2646097,no rank,0.125,unclassified Bacteroides,n__cellular organisms__131567;sk__Bacteria__2;cl__FCB group__1783270;cl__Bacteroidota/Chlorobiota group__68336;p__Bacteroidota__976;c__Bacteroidia__200643;o__Bacteroidales__171549;f__Bacteroidaceae__815;g__Bacteroides__816;n__unclassified Bacteroides__2646097,0.9013525859977439
213293,358742,species,0.0015,Enterocloster aldenensis,n__cellular organisms__131567;sk__Bacteria__2;cl__Terrabacteria group__1783272;p__Bacillota__1239;c__Clostridia__186801;o__Lachnospirales__3085636;f__Lachnospiraceae__186803;g__Enterocloster__2719313;s__Enterocloster aldenensis__358742,0.9660431069539686
213293,3025755,genus,0.0001,Thomasclavelia,n__cellular organisms__131567;sk__Bacteria__2;cl__Terrabacteria group__1783272;p__Bacillota__1239;c__Erysipelotrichia__526524;o__Erysipelotrichales__526525;f__Coprobacillaceae__2810280;g__Thomasclavelia__3025755,0.6703944692964472
213293,29348,species,0.0001,Thomasclavelia spiroformis,n__cellular organisms__131567;sk__Bacteria__2;cl__Terrabacteria group__1783272;p__Bacillota__1239;c__Erysipelotrichia__526524;o__Erysipelotrichales__526525;f__Coprobacillaceae__2810280;g__Thomasclavelia__3025755;s__Thomasclavelia spiroformis__29348,0.9007726718177482
213293,88431,species,0.0091,Dorea longicatena,n__cellular organisms__131567;sk__Bacteria__2;cl__Terrabacteria group__1783272;p__Bacillota__1239;c__Clostridia__186801;o__Lachnospirales__3085636;f__Lachnospiraceae__186803;g__Dorea__189330;s__Dorea longicatena__88431,0.8490675652122867
213293,46506,species,0.0366999999999999,Bacteroides stercoris,n__cellular organisms__131567;sk__Bacteria__2;cl__FCB group__1783270;cl__Bacteroidota/Chlorobiota group__68336;p__Bacteroidota__976;c__Bacteroidia__200643;o__Bacteroidales__171549;f__Bacteroidaceae__815;g__Bacteroides__816;s__Bacteroides stercoris__46506,0.85151076189651
213293,61171,species,0.0006,Holdemania filiformis,n__cellular organisms__131567;sk__Bacteria__2;cl__Terrabacteria group__1783272;p__Bacillota__1239;c__Erysipelotrichia__526524;o__Erysipelotrichales__526525;f__Erysipelotrichaceae__128827;g__Holdemania__61170;s__Holdemania filiformis__61171,0.8206588043919825
213293,35832,genus,0.0051,Bilophila,n__cellular organisms__131567;sk__Bacteria__2;p__Thermodesulfobacteriota__200940;c__Desulfovibrionia__3031449;o__Desulfovibrionales__213115;f__Desulfovibrionaceae__194924;g__Bilophila__35832,0.8088653924359053
213293,33038,species,0.0011,Mediterraneibacter gnavus,n__cellular organisms__131567;sk__Bacteria__2;cl__Terrabacteria group__1783272;p__Bacillota__1239;c__Clostridia__186801;o__Lachnospirales__3085636;f__Lachnospiraceae__186803;g__Mediterraneibacter__2316020;s__Mediterraneibacter gnavus__33038,0.7901586010573001
213293,1096246,species,0.0004,Hungatella effluvii,n__cellular organisms__131567;sk__Bacteria__2;cl__Terrabacteria group__1783272;p__Bacillota__1239;c__Clostridia__186801;o__Eubacteriales__186802;f__Clostridiaceae__31979;g__Hungatella__1649459;s__Hungatella effluvii__1096246,0.9418462789751205
213293,2591381,genus,0.0024,Dysosmobacter,n__cellular organisms__131567;sk__Bacteria__2;cl__Terrabacteria group__1783272;p__Bacillota__1239;c__Clostridia__186801;o__Eubacteriales__186802;f__Oscillospiraceae__216572;g__Dysosmobacter__2591381,0.7110614070760237
213293,1337051,species,0.0002,Murimonas intestini,n__cellular organisms__131567;sk__Bacteria__2;cl__Terrabacteria group__1783272;p__Bacillota__1239;c__Clostridia__186801;o__Lachnospirales__3085636;f__Lachnospiraceae__186803;g__Murimonas__1774128;s__Murimonas intestini__1337051,0.998148584148371
213293,1297617,species,0.0006,Intestinimonas butyriciproducens,n__cellular organisms__131567;sk__Bacteria__2;cl__Terrabacteria group__1783272;p__Bacillota__1239;c__Clostridia__186801;o__Eubacteriales__186802;n__Eubacteriales incertae sedis__538999;g__Intestinimonas__1392389;s__Intestinimonas butyriciproducens__1297617,0.7854819032126488
213293,2093857,species,0.0024,Dysosmobacter welbionis,n__cellular organisms__131567;sk__Bacteria__2;cl__Terrabacteria group__1783272;p__Bacillota__1239;c__Clostridia__186801;o__Eubacteriales__186802;f__Oscillospiraceae__216572;g__Dysosmobacter__2591381;s__Dysosmobacter welbionis__2093857,0.7110614070760237
213293,592978,species,0.0006,Mediterraneibacter faecis,n__cellular organisms__131567;sk__Bacteria__2;cl__Terrabacteria group__1783272;p__Bacillota__1239;c__Clostridia__186801;o__Lachnospirales__3085636;f__Lachnospiraceae__186803;g__Mediterraneibacter__2316020;s__Mediterraneibacter faecis__592978,0.5207401382676056
213293,28050,genus,0.0087,Lachnospira,n__cellular organisms__131567;sk__Bacteria__2;cl__Terrabacteria group__1783272;p__Bacillota__1239;c__Clostridia__186801;o__Lachnospirales__3085636;f__Lachnospiraceae__186803;g__Lachnospira__28050,0.7092313948759428
213293,28117,species,0.0421999999999999,Alistipes putredinis,n__cellular organisms__131567;sk__Bacteria__2;cl__FCB group__1783270;cl__Bacteroidota/Chlorobiota group__68336;p__Bacteroidota__976;c__Bacteroidia__200643;o__Bacteroidales__171549;f__Rikenellaceae__171550;g__Alistipes__239759;s__Alistipes putredinis__28117,0.652209275598058
213293,2048137,genus,0.0048,Agathobaculum,n__cellular organisms__131567;sk__Bacteria__2;cl__Terrabacteria group__1783272;p__Bacillota__1239;c__Clostridia__186801;o__Eubacteriales__186802;f__Butyricicoccaceae__3085642;g__Agathobaculum__2048137,0.7767385115900398
213293,216816,species,0.0394,Bifidobacterium longum,n__cellular organisms__131567;sk__Bacteria__2;cl__Terrabacteria group__1783272;p__Actinomycetota__201174;c__Actinomycetes__1760;o__Bifidobacteriales__85004;f__Bifidobacteriaceae__31953;g__Bifidobacterium__1678;s__Bifidobacterium longum__216816,0.9400472839309731
213293,469591,species,0.0028,Parabacteroides sp. 20_3,n__cellular organisms__131567;sk__Bacteria__2;cl__FCB group__1783270;cl__Bacteroidota/Chlorobiota group__68336;p__Bacteroidota__976;c__Bacteroidia__200643;o__Bacteroidales__171549;f__Tannerellaceae__2005525;g__Parabacteroides__375288;n__unclassified Parabacteroides__2649774;s__Parabacteroides sp. 20_3__469591,0.9263928426188814
213293,216851,genus,0.0584999999999999,Faecalibacterium,n__cellular organisms__131567;sk__Bacteria__2;cl__Terrabacteria group__1783272;p__Bacillota__1239;c__Clostridia__186801;o__Eubacteriales__186802;f__Oscillospiraceae__216572;g__Faecalibacterium__216851,0.6278975193167895
213293,301302,species,0.0088,Roseburia faecis,n__cellular organisms__131567;sk__Bacteria__2;cl__Terrabacteria group__1783272;p__Bacillota__1239;c__Clostridia__186801;o__Lachnospirales__3085636;f__Lachnospiraceae__186803;g__Roseburia__841;s__Roseburia faecis__301302,0.6649044326962044
213293,823,species,0.0058,Parabacteroides distasonis,n__cellular organisms__131567;sk__Bacteria__2;cl__FCB group__1783270;cl__Bacteroidota/Chlorobiota group__68336;p__Bacteroidota__976;c__Bacteroidia__200643;o__Bacteroidales__171549;f__Tannerellaceae__2005525;g__Parabacteroides__375288;s__Parabacteroides distasonis__823,0.7257015046766713
213293,186826,order,0.0089,Lactobacillales,n__cellular organisms__131567;sk__Bacteria__2;cl__Terrabacteria group__1783272;p__Bacillota__1239;c__Bacilli__91061;o__Lactobacillales__186826,0.6913379422529291
213293,2629304,no rank,0.0040999999999999,unclassified Oscillibacter,n__cellular organisms__131567;sk__Bacteria__2;cl__Terrabacteria group__1783272;p__Bacillota__1239;c__Clostridia__186801;o__Eubacteriales__186802;f__Oscillospiraceae__216572;g__Oscillibacter__459786;n__unclassified Oscillibacter__2629304,0.9282228548189624
213293,2642822,no rank,0.0008,unclassified Bilophila,n__cellular organisms__131567;sk__Bacteria__2;p__Thermodesulfobacteriota__200940;c__Desulfovibrionia__3031449;o__Desulfovibrionales__213115;f__Desulfovibrionaceae__194924;g__Bilophila__35832;n__unclassified Bilophila__2642822,0.7393249288328294
213293,693988,species,0.0008,Bilophila sp. 4_1_30,n__cellular organisms__131567;sk__Bacteria__2;p__Thermodesulfobacteriota__200940;c__Desulfovibrionia__3031449;o__Desulfovibrionales__213115;f__Desulfovibrionaceae__194924;g__Bilophila__35832;n__unclassified Bilophila__2642822;s__Bilophila sp. 4_1_30__693988,0.7393249288328294
213293,2646395,no rank,0.0085,unclassified Faecalibacterium,n__cellular organisms__131567;sk__Bacteria__2;cl__Terrabacteria group__1783272;p__Bacillota__1239;c__Clostridia__186801;o__Eubacteriales__186802;f__Oscillospiraceae__216572;g__Faecalibacterium__216851;n__unclassified Faecalibacterium__2646395,0.45363969093129164
213293,360807,species,0.0012,Roseburia inulinivorans,n__cellular organisms__131567;sk__Bacteria__2;cl__Terrabacteria group__1783272;p__Bacillota__1239;c__Clostridia__186801;o__Lachnospirales__3085636;f__Lachnospiraceae__186803;g__Roseburia__841;s__Roseburia inulinivorans__360807,0.21451809678731637
213293,2608920,no rank,0.024,unclassified Ruminococcus,n__cellular organisms__131567;sk__Bacteria__2;cl__Terrabacteria group__1783272;p__Bacillota__1239;c__Clostridia__186801;o__Eubacteriales__186802;f__Oscillospiraceae__216572;g__Ruminococcus__1263;n__unclassified Ruminococcus__2608920,0.7165514436762666
213293,821,species,0.067,Phocaeicola vulgatus,n__cellular organisms__131567;sk__Bacteria__2;cl__FCB group__1783270;cl__Bacteroidota/Chlorobiota group__68336;p__Bacteroidota__976;c__Bacteroidia__200643;o__Bacteroidales__171549;f__Bacteroidaceae__815;g__Phocaeicola__909656;s__Phocaeicola vulgatus__821,0.7873448631632456
213293,358743,species,0.0003,Enterocloster citroniae,n__cellular organisms__131567;sk__Bacteria__2;cl__Terrabacteria group__1783272;p__Bacillota__1239;c__Clostridia__186801;o__Lachnospirales__3085636;f__Lachnospiraceae__186803;g__Enterocloster__2719313;s__Enterocloster citroniae__358743,0.9255795038632899
213293,49928,no rank,0.0005,unclassified Bacteria,n__cellular organisms__131567;sk__Bacteria__2;n__unclassified Bacteria__49928,0.4774298495323504
213293,2108523,species,0.0024,Lawsonibacter asaccharolyticus,n__cellular organisms__131567;sk__Bacteria__2;cl__Terrabacteria group__1783272;p__Bacillota__1239;c__Clostridia__186801;o__Eubacteriales__186802;f__Oscillospiraceae__216572;g__Lawsonibacter__2172004;s__Lawsonibacter asaccharolyticus__2108523,0.8706791378608616
213293,2172004,genus,0.0024,Lawsonibacter,n__cellular organisms__131567;sk__Bacteria__2;cl__Terrabacteria group__1783272;p__Bacillota__1239;c__Clostridia__186801;o__Eubacteriales__186802;f__Oscillospiraceae__216572;g__Lawsonibacter__2172004,0.8706791378608616
213293,3028852,genus,0.0004,Merdimmobilis,n__cellular organisms__131567;sk__Bacteria__2;cl__Terrabacteria group__1783272;p__Bacillota__1239;c__Clostridia__186801;o__Eubacteriales__186802;f__Oscillospiraceae__216572;g__Merdimmobilis__3028852,0.9066693777957868
213293,1774128,genus,0.0002,Murimonas,n__cellular organisms__131567;sk__Bacteria__2;cl__Terrabacteria group__1783272;p__Bacillota__1239;c__Clostridia__186801;o__Lachnospirales__3085636;f__Lachnospiraceae__186803;g__Murimonas__1774128,0.998148584148371
213293,706562,species,0.0087,Lactobacillus rogosae,n__cellular organisms__131567;sk__Bacteria__2;cl__Terrabacteria group__1783272;p__Bacillota__1239;c__Bacilli__91061;o__Lactobacillales__186826;f__Lactobacillaceae__33958;g__Lactobacillus__1578;s__Lactobacillus rogosae__706562,0.885522570150407
213293,1017280,genus,0.0003,Pseudoflavonifractor,n__cellular organisms__131567;sk__Bacteria__2;cl__Terrabacteria group__1783272;p__Bacillota__1239;c__Clostridia__186801;o__Eubacteriales__186802;f__Oscillospiraceae__216572;g__Pseudoflavonifractor__1017280,0.532126880845887
213293,106588,species,0.0003,Pseudoflavonifractor capillosus,n__cellular organisms__131567;sk__Bacteria__2;cl__Terrabacteria group__1783272;p__Bacillota__1239;c__Clostridia__186801;o__Eubacteriales__186802;f__Oscillospiraceae__216572;g__Pseudoflavonifractor__1017280;s__Pseudoflavonifractor capillosus__106588,0.8668157787718018
213293,853,species,0.0356999999999999,Faecalibacterium prausnitzii,n__cellular organisms__131567;sk__Bacteria__2;cl__Terrabacteria group__1783272;p__Bacillota__1239;c__Clostridia__186801;o__Eubacteriales__186802;f__Oscillospiraceae__216572;g__Faecalibacterium__216851;s__Faecalibacterium prausnitzii__853,0.8521756811711543
213293,47678,species,0.012,Bacteroides caccae,n__cellular organisms__131567;sk__Bacteria__2;cl__FCB group__1783270;cl__Bacteroidota/Chlorobiota group__68336;p__Bacteroidota__976;c__Bacteroidia__200643;o__Bacteroidales__171549;f__Bacteroidaceae__815;g__Bacteroides__816;s__Bacteroides caccae__47678,0.7509150061000087
213293,2293144,species,0.0064,Roseburia sp. TF10-5,n__cellular organisms__131567;sk__Bacteria__2;cl__Terrabacteria group__1783272;p__Bacillota__1239;c__Clostridia__186801;o__Lachnospirales__3085636;f__Lachnospiraceae__186803;g__Roseburia__841;n__unclassified Roseburia__2637578;s__Roseburia sp. TF10-5__2293144,0.651687677917842
213293,2569097,genus,0.0060999999999999,Anaerobutyricum,n__cellular organisms__131567;sk__Bacteria__2;cl__Terrabacteria group__1783272;p__Bacillota__1239;c__Clostridia__186801;o__Lachnospirales__3085636;f__Lachnospiraceae__186803;g__Anaerobutyricum__2569097,0.7777551850345292
213293,84112,species,0.0021,Eggerthella lenta,n__cellular organisms__131567;sk__Bacteria__2;cl__Terrabacteria group__1783272;p__Actinomycetota__201174;c__Coriobacteriia__84998;o__Eggerthellales__1643822;f__Eggerthellaceae__1643826;g__Eggerthella__84111;s__Eggerthella lenta__84112,0.9556730378201765
213293,816,genus,0.3969999999999998,Bacteroides,n__cellular organisms__131567;sk__Bacteria__2;cl__FCB group__1783270;cl__Bacteroidota/Chlorobiota group__68336;p__Bacteroidota__976;c__Bacteroidia__200643;o__Bacteroidales__171549;f__Bacteroidaceae__815;g__Bacteroides__816,0.8675663599073631
213293,39488,species,0.0056999999999999,Anaerobutyricum hallii,n__cellular organisms__131567;sk__Bacteria__2;cl__Terrabacteria group__1783272;p__Bacillota__1239;c__Clostridia__186801;o__Lachnospirales__3085636;f__Lachnospiraceae__186803;g__Anaerobutyricum__2569097;s__Anaerobutyricum hallii__39488,0.8239121594143486
213293,1905344,genus,0.0056999999999999,Ruthenibacterium,n__cellular organisms__131567;sk__Bacteria__2;cl__Terrabacteria group__1783272;p__Bacillota__1239;c__Clostridia__186801;o__Eubacteriales__186802;f__Oscillospiraceae__216572;g__Ruthenibacterium__1905344,0.9627897519316024
213293,84086,no rank,0.0059999999999998,unclassified Bacillota,n__cellular organisms__131567;sk__Bacteria__2;cl__Terrabacteria group__1783272;p__Bacillota__1239;n__unclassified Bacillota__84086,0.36315575437170106
213293,815,family,0.5232999999999997,Bacteroidaceae,n__cellular organisms__131567;sk__Bacteria__2;cl__FCB group__1783270;cl__Bacteroidota/Chlorobiota group__68336;p__Bacteroidota__976;c__Bacteroidia__200643;o__Bacteroidales__171549;f__Bacteroidaceae__815,0.8264713171003992
213293,1550024,species,0.0056999999999999,Ruthenibacterium lactatiformans,n__cellular organisms__131567;sk__Bacteria__2;cl__Terrabacteria group__1783272;p__Bacillota__1239;c__Clostridia__186801;o__Eubacteriales__186802;f__Oscillospiraceae__216572;g__Ruthenibacterium__1905344;s__Ruthenibacterium lactatiformans__1550024,0.9627897519316024
213293,2648079,no rank,0.0153,unclassified Blautia,n__cellular organisms__131567;sk__Bacteria__2;cl__Terrabacteria group__1783272;p__Bacillota__1239;c__Clostridia__186801;o__Lachnospirales__3085636;f__Lachnospiraceae__186803;g__Blautia__572511;n__unclassified Blautia__2648079,0.9141927612850085
213293,1769710,genus,0.0004,Sellimonas,n__cellular organisms__131567;sk__Bacteria__2;cl__Terrabacteria group__1783272;p__Bacillota__1239;c__Clostridia__186801;o__Lachnospirales__3085636;f__Lachnospiraceae__186803;g__Sellimonas__1769710,0.920292801951945
213293,28052,species,0.0087,Lachnospira pectinoschiza,n__cellular organisms__131567;sk__Bacteria__2;cl__Terrabacteria group__1783272;p__Bacillota__1239;c__Clostridia__186801;o__Lachnospirales__3085636;f__Lachnospiraceae__186803;g__Lachnospira__28050;s__Lachnospira pectinoschiza__28052,0.8843025620170197
213293,2637578,no rank,0.0064,unclassified Roseburia,n__cellular organisms__131567;sk__Bacteria__2;cl__Terrabacteria group__1783272;p__Bacillota__1239;c__Clostridia__186801;o__Lachnospirales__3085636;f__Lachnospiraceae__186803;g__Roseburia__841;n__unclassified Roseburia__2637578,0.5896705978039878
213293,418240,species,0.015,Blautia wexlerae,n__cellular organisms__131567;sk__Bacteria__2;cl__Terrabacteria group__1783272;p__Bacillota__1239;c__Clostridia__186801;o__Lachnospirales__3085636;f__Lachnospiraceae__186803;g__Blautia__572511;s__Blautia wexlerae__418240,0.9060593737290932
213293,1766253,genus,0.0064,Agathobacter,n__cellular organisms__131567;sk__Bacteria__2;cl__Terrabacteria group__1783272;p__Bacillota__1239;c__Clostridia__186801;o__Lachnospirales__3085636;f__Lachnospiraceae__186803;g__Agathobacter__1766253,0.44245628304190504
213293,1653434,species,0.0004,Sellimonas intestinalis,n__cellular organisms__131567;sk__Bacteria__2;cl__Terrabacteria group__1783272;p__Bacillota__1239;c__Clostridia__186801;o__Lachnospirales__3085636;f__Lachnospiraceae__186803;g__Sellimonas__1769710;s__Sellimonas intestinalis__1653434,0.920292801951945
213293,1392389,genus,0.0006,Intestinimonas,n__cellular organisms__131567;sk__Bacteria__2;cl__Terrabacteria group__1783272;p__Bacillota__1239;c__Clostridia__186801;o__Eubacteriales__186802;n__Eubacteriales incertae sedis__538999;g__Intestinimonas__1392389,0.47864985766573803
213293,1628085,species,0.0048,Agathobaculum butyriciproducens,n__cellular organisms__131567;sk__Bacteria__2;cl__Terrabacteria group__1783272;p__Bacillota__1239;c__Clostridia__186801;o__Eubacteriales__186802;f__Butyricicoccaceae__3085642;g__Agathobaculum__2048137;s__Agathobaculum butyriciproducens__1628085,0.7777551850345292
213293,2316020,genus,0.0017,Mediterraneibacter,n__cellular organisms__131567;sk__Bacteria__2;cl__Terrabacteria group__1783272;p__Bacillota__1239;c__Clostridia__186801;o__Lachnospirales__3085636;f__Lachnospiraceae__186803;g__Mediterraneibacter__2316020,0.16368442456283183
213293,3085642,family,0.0052,Butyricicoccaceae,n__cellular organisms__131567;sk__Bacteria__2;cl__Terrabacteria group__1783272;p__Bacillota__1239;c__Clostridia__186801;o__Eubacteriales__186802;f__Butyricicoccaceae__3085642,0.7993086620577048
213293,3085636,order,0.1724999999999998,Lachnospirales,n__cellular organisms__131567;sk__Bacteria__2;cl__Terrabacteria group__1783272;p__Bacillota__1239;c__Clostridia__186801;o__Lachnospirales__3085636,0.6482668707987358
213293,2897707,species,0.0004,Merdimmobilis hominis,n__cellular organisms__131567;sk__Bacteria__2;cl__Terrabacteria group__1783272;p__Bacillota__1239;c__Clostridia__186801;o__Eubacteriales__186802;f__Oscillospiraceae__216572;g__Merdimmobilis__3028852;s__Merdimmobilis hominis__2897707,0.9066693777957868
